Make,Model,Model_Year,Status,Variant,Fuel_Type,Displacement,Cylinders,Image_url,Brand_Image
BMW,3 Series Gran Limousine,2023,Discontinued,3 Series Gran Limousine,Petrol,,,https://imgd.aeplcdn.com/664x374/n/cw/ec/139177/3-series-gran-limousine-exterior-right-front-three-quarter-3.jpeg,https://imgd.aeplcdn.com/0x0/cw/makes/bmw.webp
BMW,2 Series Gran Coupe [2020-2025],2020,Discontinued,2 Series Gran Coupe,Petrol,,,https://imgd.aeplcdn.com/664x374/n/cw/ec/48034/2-series-gran-coupe-exterior-right-front-three-quarter-3.jpeg,https://imgd.aeplcdn.com/0x0/cw/makes/bmw.webp
BMW,5 Series [2017-2021],2017,Discontinued,5 Series,Petrol,,,https://imgd.aeplcdn.com/664x374/cw/ec/26911/BMW-5-Series-Right-Front-Three-Quarter-172250.jpg,https://imgd.aeplcdn.com/0x0/cw/makes/bmw.webp
BMW,3 Series [2019-2023],2019,Discontinued,3 Series,Petrol,,,https://imgd.aeplcdn.com/664x374/cw/ec/37067/BMW-3-Series-Exterior-167583.jpg,https://imgd.aeplcdn.com/0x0/cw/makes/bmw.webp
BMW,X1 [2020-2023],2020,Discontinued,X1,Petrol,,,https://imgd.aeplcdn.com/664x374/n/cw/ec/45242/bmw-x1-facelift-right-front-three-quarter2.jpeg,https://imgd.aeplcdn.com/0x0/cw/makes/bmw.webp
BMW,X3 [2022-2025],2022,Discontinued,X3,Petrol,,,https://imgd.aeplcdn.com/664x374/n/cw/ec/110503/x3-exterior-right-front-three-quarter-3.jpeg,https://imgd.aeplcdn.com/0x0/cw/makes/bmw.webp
BMW,Z4 [2019-2023],2019,Discontinued,Z4,Petrol,,,https://imgd.aeplcdn.com/664x374/cw/ec/37095/BMW-Z4-Roadster-Right-Front-Three-Quarter-153914.jpg,https://imgd.aeplcdn.com/0x0/cw/makes/bmw.webp
BMW,X3 [2018-2022],2018,Discontinued,X3,Petrol,,,https://imgd.aeplcdn.com/664x374/cw/ec/32888/BMW-X3-Exterior-125761.jpg,https://imgd.aeplcdn.com/0x0/cw/makes/bmw.webp
BMW,X7 [2019-2023],2019,Discontinued,X7,Petrol,,,https://imgd.aeplcdn.com/664x374/cw/ec/28286/BMW-X7-Right-Front-Three-Quarter-164106.jpg,https://imgd.aeplcdn.com/0x0/cw/makes/bmw.webp
BMW,X6,2020,Discontinued,X6,Petrol,,,https://imgd.aeplcdn.com/664x374/n/cw/ec/41375/x6-exterior-right-front-three-quarter.jpeg,https://imgd.aeplcdn.com/0x0/cw/makes/bmw.webp
BMW,6 Series GT [2018-2021],2018,Discontinued,6 Series GT,Petrol,,,https://imgd.aeplcdn.com/664x374/cw/ec/32854/BMW-6-Series-GT-Right-Front-Three-Quarter-154025.jpg,https://imgd.aeplcdn.com/0x0/cw/makes/bmw.webp
BMW,3 Series Gran Limousine [2021-2023],2021,Discontinued,3 Series Gran Limousine,Petrol,,,https://imgd.aeplcdn.com/664x374/n/cw/ec/52639/3-series-gran-limousine-exterior-right-front-three-quarter-2.jpeg,https://imgd.aeplcdn.com/0x0/cw/makes/bmw.webp
BMW,7 Series [2019-2023],2019,Discontinued,7 Series,Petrol,,,https://imgd.aeplcdn.com/664x374/cw/ec/38113/BMW-7-Series-Right-Front-Three-Quarter-164132.jpg,https://imgd.aeplcdn.com/0x0/cw/makes/bmw.webp
BMW,X4 [2022-2023],2022,Discontinued,X4,Petrol,,,https://imgd.aeplcdn.com/664x374/n/cw/ec/112929/x4-exterior-right-front-three-quarter-5.jpeg,https://imgd.aeplcdn.com/0x0/cw/makes/bmw.webp
BMW,M5 [2021-2023],2021,Discontinued,M5,Petrol,,,https://imgd.aeplcdn.com/664x374/n/cw/ec/50723/m5-exterior-right-front-three-quarter-2.jpeg,https://imgd.aeplcdn.com/0x0/cw/makes/bmw.webp
BMW,3 Series GT [2016-2021],2016,Discontinued,3 Series GT,Petrol,,,https://imgd.aeplcdn.com/664x374/cw/ec/18273/BMW-3-Series-GT-Right-Front-Three-Quarter-82155.jpg,https://imgd.aeplcdn.com/0x0/cw/makes/bmw.webp
BMW,M340i [2021-2022],2021,Discontinued,M340i,Petrol,,,https://imgd.aeplcdn.com/664x374/n/cw/ec/124843/m340i-exterior-right-front-three-quarter.jpeg,https://imgd.aeplcdn.com/0x0/cw/makes/bmw.webp
BMW,X4 [2019-2022],2019,Discontinued,X4,Petrol,,,https://imgd.aeplcdn.com/664x374/n/cw/ec/37712/x4-exterior-right-front-three-quarter-146791.jpeg,https://imgd.aeplcdn.com/0x0/cw/makes/bmw.webp
BMW,M4 Competition [2022-2024],2022,Discontinued,M4 Competition,Petrol,,,https://imgd.aeplcdn.com/664x374/n/cw/ec/111981/m4-competition-exterior-right-front-three-quarter-2.jpeg,https://imgd.aeplcdn.com/0x0/cw/makes/bmw.webp
BMW,8 Series,2020,Discontinued,8 Series,Petrol,,,https://imgd.aeplcdn.com/664x374/n/cw/ec/41406/bmw-8-series-right-front-three-quarter8.jpeg,https://imgd.aeplcdn.com/0x0/cw/makes/bmw.webp
BMW,5 Series [2021-2024],2021,Discontinued,5 Series,Petrol,,,https://imgd.aeplcdn.com/664x374/n/cw/ec/96443/5-series-exterior-right-front-three-quarter-5.jpeg,https://imgd.aeplcdn.com/0x0/cw/makes/bmw.webp
BMW,M5 [2018-2021],2018,Discontinued,M5,Petrol,,,https://imgd.aeplcdn.com/664x374/cw/ec/33136/BMW-M5-Exterior-172905.jpg,https://imgd.aeplcdn.com/0x0/cw/makes/bmw.webp
BMW,M2 [2018-2022],2018,Discontinued,M2,Petrol,,,https://imgd.aeplcdn.com/664x374/cw/ec/37092/BMW-M2-Exterior-141232.jpg,https://imgd.aeplcdn.com/0x0/cw/makes/bmw.webp
BMW,6 Series GT,2021,Discontinued,6 Series GT,Petrol,,,https://imgd.aeplcdn.com/664x374/n/cw/ec/56433/6-series-gt-exterior-right-front-three-quarter-2.jpeg,https://imgd.aeplcdn.com/0x0/cw/makes/bmw.webp
BMW,X3 M,2020,Discontinued,X3 M,Petrol,,,https://imgd.aeplcdn.com/664x374/n/cw/ec/51065/x3-m-exterior-right-front-three-quarter.jpeg,https://imgd.aeplcdn.com/0x0/cw/makes/bmw.webp
BMW,X5 [2019-2023],2019,Discontinued,X5,Petrol,,,https://imgd.aeplcdn.com/664x374/cw/ec/37065/BMW-X5-Right-Front-Three-Quarter-157119.jpg,https://imgd.aeplcdn.com/0x0/cw/makes/bmw.webp
BMW,X5 M,2020,Discontinued,X5 M,Petrol,,,https://imgd.aeplcdn.com/664x374/n/cw/ec/51529/x5-m-exterior-right-front-three-quarter-2.jpeg,https://imgd.aeplcdn.com/0x0/cw/makes/bmw.webp
BMW,M4 CS,2024,Discontinued,M4 CS,Petrol,,,https://imgd.aeplcdn.com/664x374/n/cw/ec/188481/m4-cs-exterior-right-front-three-quarter.jpeg,https://imgd.aeplcdn.com/0x0/cw/makes/bmw.webp
BMW,X3 M40i,2023,Discontinued,X3 M40i,Petrol,,,https://imgd.aeplcdn.com/664x374/n/cw/ec/146751/x3-m40i-exterior-right-front-three-quarter-2.jpeg,https://imgd.aeplcdn.com/0x0/cw/makes/bmw.webp
BMW,X8,2025,Discontinued,X8,Petrol,,,https://imgd.aeplcdn.com/664x374/n/cw/ec/47349/bmw-x8-left-side-view0.jpeg,https://imgd.aeplcdn.com/0x0/cw/makes/bmw.webp
BMW,M4 [2018-2019],2018,Discontinued,M4,Petrol,,,https://imgd.aeplcdn.com/664x374/cw/ec/33172/BMW-M4-Exterior-119393.jpg,https://imgd.aeplcdn.com/0x0/cw/makes/bmw.webp
BMW,M3,2018,Discontinued,M3,Petrol,,,https://imgd.aeplcdn.com/664x374/cw/ec/33171/BMW-M3-Exterior-119388.jpg,https://imgd.aeplcdn.com/0x0/cw/makes/bmw.webp
BMW,3 Series [2012-2016],2012,Discontinued,3 Series,Petrol,,,https://imgd.aeplcdn.com/664x374/cw/cars/bmw/3-series.jpg,https://imgd.aeplcdn.com/0x0/cw/makes/bmw.webp
BMW,i8 [2015-2019],2015,Discontinued,i8,Petrol,,,https://imgd.aeplcdn.com/664x374/cw/ec/18023/BMW-i8-Exterior-114972.jpg,https://imgd.aeplcdn.com/0x0/cw/makes/bmw.webp
BMW,X1 [2016-2020],2016,Discontinued,X1,Petrol,,,https://imgd.aeplcdn.com/664x374/cw/ec/20227/BMW-X1-Right-Front-Three-Quarter-65929.jpg,https://imgd.aeplcdn.com/0x0/cw/makes/bmw.webp
BMW,3 Series [2016-2019],2016,Discontinued,3 Series,Petrol,,,https://imgd.aeplcdn.com/664x374/cw/ec/20231/BMW-3-Series-Right-Front-Three-Quarter-86766.jpg,https://imgd.aeplcdn.com/0x0/cw/makes/bmw.webp
BMW,1 Series,2013,Discontinued,1 Series,Petrol,,,https://imgd.aeplcdn.com/664x374/ec/0f/0e/11204/img/m/BMW-1-Series-Right-Front-Three-Quarter-50876_ol.jpg,https://imgd.aeplcdn.com/0x0/cw/makes/bmw.webp
BMW,3 Series GT [2014-2016],2014,Discontinued,3 Series GT,Petrol,,,https://imgd.aeplcdn.com/664x374/cw/cars/bmw/3-series-gt.jpg,https://imgd.aeplcdn.com/0x0/cw/makes/bmw.webp
BMW,6 Series Gran Coupe,2012,Discontinued,6 Series Gran Coupe,Petrol,,,https://imgd.aeplcdn.com/664x374/ec/C4/2F/9769/img/m/BMW-6-Series-Right-Front-Three-Quarter-52292_ol.jpg,https://imgd.aeplcdn.com/0x0/cw/makes/bmw.webp
BMW,M6,2014,Discontinued,M6,Petrol,,,https://imgd.aeplcdn.com/664x374/cw/ec/28449/BMW-M6-Right-Front-Three-Quarter-94306.jpg,https://imgd.aeplcdn.com/0x0/cw/makes/bmw.webp
BMW,5 Series [2013-2017],2013,Discontinued,5 Series,Petrol,,,https://imgd.aeplcdn.com/664x374/ec/4b/3A/9761/img/m/BMW-5-Series-Right-Front-Three-Quarter-50065_ol.jpg,https://imgd.aeplcdn.com/0x0/cw/makes/bmw.webp
BMW,X1 [2013-2016],2013,Discontinued,X1,Petrol,,,https://imgd.aeplcdn.com/664x374/cw/ec/20227/BMW-X1-Right-Front-Three-Quarter-64690.jpg,https://imgd.aeplcdn.com/0x0/cw/makes/bmw.webp
BMW,X5 [2014-2019],2014,Discontinued,X5,Petrol,,,https://imgd.aeplcdn.com/664x374/ec/5F/CC/9762/img/m/BMW-X5-Right-Front-Three-Quarter-50918_ol.jpg,https://imgd.aeplcdn.com/0x0/cw/makes/bmw.webp
BMW,Z4 [2013-2018],2013,Discontinued,Z4,Petrol,,,https://imgd.aeplcdn.com/664x374/cw/ec/9763/BMW-Z4-Exterior-119011.jpg,https://imgd.aeplcdn.com/0x0/cw/makes/bmw.webp
BMW,i8 Roadster,2020,Discontinued,i8 Roadster,Petrol,,,https://imgd.aeplcdn.com/664x374/cw/ec/33308/BMW-i8-Roadster-Exterior-120642.jpg,https://imgd.aeplcdn.com/0x0/cw/makes/bmw.webp
BMW,7 Series [2013-2016],2013,Discontinued,7 Series,Petrol,,,https://imgd.aeplcdn.com/664x374/cw/cars/bmw/7-series.jpg,https://imgd.aeplcdn.com/0x0/cw/makes/bmw.webp
BMW,7 Series [2016-2019],2016,Discontinued,7 Series,Petrol,,,https://imgd.aeplcdn.com/664x374/cw/ec/21717/BMW-7-Series-Right-Front-Three-Quarter-65990.jpg,https://imgd.aeplcdn.com/0x0/cw/makes/bmw.webp
BMW,X3 [2014-2018],2014,Discontinued,X3,Petrol,,,https://imgd.aeplcdn.com/664x374/cw/ec/13992/BMW-X3-Exterior-92388.jpg,https://imgd.aeplcdn.com/0x0/cw/makes/bmw.webp
BMW,X6 [2015-2019],2015,Discontinued,X6,Petrol,,,https://imgd.aeplcdn.com/664x374/cw/ec/19518/BMW-X6-Exterior-164772.jpg,https://imgd.aeplcdn.com/0x0/cw/makes/bmw.webp
BMW,M3 [2013-2018],2014,Discontinued,M3,Petrol,,,https://imgd.aeplcdn.com/664x374/cw/ec/28448/BMW-M3-Right-Front-Three-Quarter-93770.jpg,https://imgd.aeplcdn.com/0x0/cw/makes/bmw.webp
BMW,M4 [2014-2018],2014,Discontinued,M4,Petrol,,,https://imgd.aeplcdn.com/664x374/cw/ec/16753/BMW-M4-Exterior-92387.jpg,https://imgd.aeplcdn.com/0x0/cw/makes/bmw.webp
BMW,M5 [2012-2014],2008,Discontinued,M5,Petrol,,,https://imgd.aeplcdn.com/664x374/ec/E7/AC/9773/img/m/BMW-M5-Front-view-22153_l.jpg,https://imgd.aeplcdn.com/0x0/cw/makes/bmw.webp
BMW,M5 [2014-2018],2014,Discontinued,M5,Petrol,,,https://imgd.aeplcdn.com/664x374/cw/ec/29854/BMW-M5-Right-Front-Three-Quarter-101344.jpg,https://imgd.aeplcdn.com/0x0/cw/makes/bmw.webp
BMW,3 Series LWB,2025,Active,3 Series LWB,Petrol,,,https://imgd.aeplcdn.com/664x374/n/cw/ec/198567/3-series-exterior-right-front-three-quarter-10.png,https://imgd.aeplcdn.com/0x0/cw/makes/bmw.webp
BMW,2 Series Gran Coupe,2025,Active,2 Series Gran Coupe,Petrol,,,https://imgd.aeplcdn.com/664x374/n/cw/ec/205930/2-series-gran-coupe-exterior-right-front-three-quarter-4.png,https://imgd.aeplcdn.com/0x0/cw/makes/bmw.webp
BMW,M340i,2022,Active,M340i,Petrol,,,https://imgd.aeplcdn.com/664x374/n/cw/ec/135697/m340i-exterior-right-front-three-quarter-5.png,https://imgd.aeplcdn.com/0x0/cw/makes/bmw.webp
BMW,M5,2024,Active,M5,Petrol,,,https://imgd.aeplcdn.com/664x374/n/cw/ec/192747/m5-exterior-right-front-three-quarter-11.png,https://imgd.aeplcdn.com/0x0/cw/makes/bmw.webp
BMW,M4,2024,Active,M4,Petrol,,,https://imgd.aeplcdn.com/664x374/n/cw/ec/176129/m4-exterior-right-front-three-quarter-4.png,https://imgd.aeplcdn.com/0x0/cw/makes/bmw.webp
BMW,Z4,2023,Active,Z4,Petrol,,,https://imgd.aeplcdn.com/664x374/n/cw/ec/149075/z4-exterior-right-front-three-quarter-3.png,https://imgd.aeplcdn.com/0x0/cw/makes/bmw.webp
BMW,X1,2023,Active,X1,Petrol,,,https://imgd.aeplcdn.com/664x374/n/cw/ec/140591/x1-exterior-right-front-three-quarter-8.png,https://imgd.aeplcdn.com/0x0/cw/makes/bmw.webp
BMW,X3,2025,Active,X3,Petrol,,,https://imgd.aeplcdn.com/664x374/n/cw/ec/179903/x3-exterior-right-front-three-quarter-8.png,https://imgd.aeplcdn.com/0x0/cw/makes/bmw.webp
BMW,X7,2023,Active,X7,Petrol,,,https://imgd.aeplcdn.com/664x374/n/cw/ec/136217/x7-exterior-right-front-three-quarter-10.png,https://imgd.aeplcdn.com/0x0/cw/makes/bmw.webp
BMW,5 Series,2024,Active,5 Series,Petrol,,,https://imgd.aeplcdn.com/664x374/n/cw/ec/175183/5-series-exterior-right-front-three-quarter-95.png,https://imgd.aeplcdn.com/0x0/cw/makes/bmw.webp
BMW,M2,2023,Active,M2,Petrol,,,https://imgd.aeplcdn.com/664x374/n/cw/ec/150125/m2-exterior-right-front-three-quarter-3.png,https://imgd.aeplcdn.com/0x0/cw/makes/bmw.webp
BMW,X5,2023,Active,X5,Petrol,,,https://imgd.aeplcdn.com/664x374/n/cw/ec/152681/x5-exterior-right-front-three-quarter-7.png,https://imgd.aeplcdn.com/0x0/cw/makes/bmw.webp
BMW,7 Series,2023,Active,7 Series,Petrol,,,https://imgd.aeplcdn.com/664x374/n/cw/ec/132513/7-series-exterior-right-front-three-quarter-4.png,https://imgd.aeplcdn.com/0x0/cw/makes/bmw.webp
BMW,iX1 LWB,2025,Active,iX1 LWB,Electric,,,https://imgd.aeplcdn.com/664x374/n/cw/ec/196035/ix1-lwb-exterior-right-front-three-quarter-2.png,https://imgd.aeplcdn.com/0x0/cw/makes/bmw.webp
BMW,M8,2020,Active,M8,Petrol,,,https://imgd.aeplcdn.com/664x374/n/cw/ec/47278/m8-exterior-right-front-three-quarter-3.png,https://imgd.aeplcdn.com/0x0/cw/makes/bmw.webp
BMW,XM,2022,Active,XM,Petrol,,,https://imgd.aeplcdn.com/664x374/n/cw/ec/135681/xm-exterior-right-front-three-quarter-4.png,https://imgd.aeplcdn.com/0x0/cw/makes/bmw.webp
BMW,i7,2023,Active,i7,Petrol,,,https://imgd.aeplcdn.com/664x374/n/cw/ec/137875/i7-exterior-right-front-three-quarter-9.png,https://imgd.aeplcdn.com/0x0/cw/makes/bmw.webp
BMW,iX1,2023,Active,iX1,Electric,,,https://imgd.aeplcdn.com/664x374/n/cw/ec/140585/ix1-exterior-right-front-three-quarter-26.png,https://imgd.aeplcdn.com/0x0/cw/makes/bmw.webp
BMW,i4,2022,Active,i4,Electric,,,https://imgd.aeplcdn.com/664x374/n/cw/ec/109123/i4-exterior-right-front-three-quarter-2.png,https://imgd.aeplcdn.com/0x0/cw/makes/bmw.webp
BMW,X4 M40i,2023,Active,X4 M40i,Petrol,,,https://imgd.aeplcdn.com/664x374/n/cw/ec/163337/x4-exterior-right-front-three-quarter-3.png,https://imgd.aeplcdn.com/0x0/cw/makes/bmw.webp
BMW,iX,2021,Active,iX,Electric,,,https://imgd.aeplcdn.com/664x374/n/cw/ec/108499/ix-exterior-right-front-three-quarter-4.png,https://imgd.aeplcdn.com/0x0/cw/makes/bmw.webp
BMW,i5,2024,Active,i5,Petrol,,,https://imgd.aeplcdn.com/664x374/n/cw/ec/174353/i5-exterior-right-front-three-quarter-6.png,https://imgd.aeplcdn.com/0x0/cw/makes/bmw.webp
BMW,iX3,2027,Upcoming,iX3,Electric,,,https://imgd.aeplcdn.com/664x374/n/cw/ec/211249/ix3-exterior-right-front-three-quarter.jpeg,https://imgd.aeplcdn.com/0x0/cw/makes/bmw.webp
Chevrolet,Beat,2016,Discontinued,Beat,Petrol,,,https://imgd.aeplcdn.com/664x374/cw/ec/21745/Chevrolet-Beat-Right-Front-Three-Quarter-81148.jpg,https://imgd.aeplcdn.com/0x0/cw/makes/chevrolet.webp
Chevrolet,Tavera,2012,Discontinued,Tavera,Petrol,,,https://imgd.aeplcdn.com/664x374/ec/89/7A/9793/img/m/Chevrolet-Tavera-Right-Front-Three-Quarter-49908_ol.jpg,https://imgd.aeplcdn.com/0x0/cw/makes/chevrolet.webp
Chevrolet,Enjoy,2013,Discontinued,Enjoy,Petrol,,,https://imgd.aeplcdn.com/664x374/ec/65/A5/10311/img/m/Chevrolet-Enjoy-Right-Front-Three-Quarter-49907_ol.jpg,https://imgd.aeplcdn.com/0x0/cw/makes/chevrolet.webp
Chevrolet,Cruze,2016,Discontinued,Cruze,Petrol,,,https://imgd.aeplcdn.com/664x374/cw/ec/22891/Chevrolet-Cruze-Right-Front-Three-Quarter-73032.jpg,https://imgd.aeplcdn.com/0x0/cw/makes/chevrolet.webp
Chevrolet,Sail,2014,Discontinued,Sail,Petrol,,,https://imgd.aeplcdn.com/664x374/ec/89/0F/10442/img/m/Chevrolet-Sail-Right-Front-Three-Quarter-49012_ol.jpg,https://imgd.aeplcdn.com/0x0/cw/makes/chevrolet.webp
Chevrolet,Spark,2013,Discontinued,Spark,Petrol,,,https://imgd.aeplcdn.com/664x374/cw/cars/chevrolet/spark.jpg,https://imgd.aeplcdn.com/0x0/cw/makes/chevrolet.webp
Chevrolet,Captiva [2012-2016],2012,Discontinued,Captiva,Petrol,,,https://imgd.aeplcdn.com/664x374/cw/cars/chevrolet/captiva.jpg,https://imgd.aeplcdn.com/0x0/cw/makes/chevrolet.webp
Chevrolet,Trailblazer,2015,Discontinued,Trailblazer,Petrol,,,https://imgd.aeplcdn.com/664x374/cw/ec/20509/Chevrolet-Trailblazer-Right-Front-Three-Quarter-59055.jpg,https://imgd.aeplcdn.com/0x0/cw/makes/chevrolet.webp
Chevrolet,Spark [2007-2012],2007,Discontinued,Spark,Petrol,,,https://imgd.aeplcdn.com/664x374/cw/cars/discontinued/chevrolet/spark-2007-2012.jpg,https://imgd.aeplcdn.com/0x0/cw/makes/chevrolet.webp
Chevrolet,Aveo [2009-2012],2009,Discontinued,Aveo,Petrol,,,https://imgd.aeplcdn.com/664x374/cw/cars/discontinued/chevrolet/aveo-2009-2012.jpg,https://imgd.aeplcdn.com/0x0/cw/makes/chevrolet.webp
Chevrolet,Optra Magnum [2007-2012],2007,Discontinued,Optra Magnum,Petrol,,,https://imgd.aeplcdn.com/664x374/cw/cars/discontinued/chevrolet/optra-magnum-2007-2012.jpg,https://imgd.aeplcdn.com/0x0/cw/makes/chevrolet.webp
Chevrolet,Beat [2009-2011],2009,Discontinued,Beat,Petrol,,,https://imgd.aeplcdn.com/664x374/cw/cars/discontinued/chevrolet/beat-2009-2011.jpg,https://imgd.aeplcdn.com/0x0/cw/makes/chevrolet.webp
Chevrolet,Aveo [2006-2009],2006,Discontinued,Aveo,Petrol,,,https://imgd.aeplcdn.com/664x374/cw/cars/discontinued/chevrolet/aveo-2006-2009.jpg,https://imgd.aeplcdn.com/0x0/cw/makes/chevrolet.webp
Chevrolet,Beat [2014-2016],2014,Discontinued,Beat,Petrol,,,https://imgd.aeplcdn.com/664x374/cw/cars/chevrolet/beat.jpg,https://imgd.aeplcdn.com/0x0/cw/makes/chevrolet.webp
Chevrolet,Optra [2005-2007],2005,Discontinued,Optra,Petrol,,,https://imgd.aeplcdn.com/664x374/cw/cars/discontinued/chevrolet/optra-2005-2007.jpg,https://imgd.aeplcdn.com/0x0/cw/makes/chevrolet.webp
Chevrolet,Sail U-VA [2012-2014],2012,Discontinued,Sail U-VA,Petrol,,,https://imgd.aeplcdn.com/664x374/cw/cars/discontinued/chevrolet/sail-u-va-2012-2014.jpg,https://imgd.aeplcdn.com/0x0/cw/makes/chevrolet.webp
Chevrolet,Beat [2011-2014],2011,Discontinued,Beat,Petrol,,,https://imgd.aeplcdn.com/664x374/cw/cars/discontinued/chevrolet/beat-2011-2014.jpg,https://imgd.aeplcdn.com/0x0/cw/makes/chevrolet.webp
Chevrolet,Aveo U-VA [2006-2012],2006,Discontinued,Aveo U-VA,Petrol,,,https://imgd.aeplcdn.com/664x374/cw/cars/discontinued/chevrolet/aveo-u-va-2006-2012.jpg,https://imgd.aeplcdn.com/0x0/cw/makes/chevrolet.webp
Chevrolet,Captiva [2008-2012],2008,Discontinued,Captiva,Petrol,,,https://imgd.aeplcdn.com/664x374/cw/cars/discontinued/chevrolet/captiva-2008-2012.jpg,https://imgd.aeplcdn.com/0x0/cw/makes/chevrolet.webp
Chevrolet,Sail Hatchback,2014,Discontinued,Sail Hatchback,Petrol,,,https://imgd.aeplcdn.com/664x374/ec/76/29/18223/img/m/Chevrolet-Sail-Hatchback-Right-Front-Three-Quarter-49910_ol.jpg,https://imgd.aeplcdn.com/0x0/cw/makes/chevrolet.webp
Chevrolet,Cruze [2014-2016],2014,Discontinued,Cruze,Petrol,,,https://imgd.aeplcdn.com/664x374/cw/ec/13741/Chevrolet-Cruze-Right-Front-Three-Quarter-58426.jpg,https://imgd.aeplcdn.com/0x0/cw/makes/chevrolet.webp
Chevrolet,Sail [2012-2014],2012,Discontinued,Sail,Petrol,,,https://imgd.aeplcdn.com/664x374/cw/cars/discontinued/chevrolet/sail-2012-2014.jpg,https://imgd.aeplcdn.com/0x0/cw/makes/chevrolet.webp
Chevrolet,Cruze [2009-2012],2009,Discontinued,Cruze,Petrol,,,https://imgd.aeplcdn.com/664x374/cw/cars/discontinued/chevrolet/cruze-2009-2012.jpg,https://imgd.aeplcdn.com/0x0/cw/makes/chevrolet.webp
Chevrolet,Optra [2003-2005],2003,Discontinued,Optra,Petrol,,,https://imgd.aeplcdn.com/664x374/cw/cars/discontinued/chevrolet/optra-2003-2005.jpg,https://imgd.aeplcdn.com/0x0/cw/makes/chevrolet.webp
Chevrolet,Cruze [2012-2013],2012,Discontinued,Cruze,Petrol,,,https://imgd.aeplcdn.com/664x374/cw/cars/discontinued/chevrolet/cruze-2012-2013.jpg,https://imgd.aeplcdn.com/0x0/cw/makes/chevrolet.webp
Chevrolet,Cruze [2013-2014],2013,Discontinued,Cruze,Petrol,,,https://imgd.aeplcdn.com/664x374/cw/cars/discontinued/chevrolet/cruze-2013-2014.jpg,https://imgd.aeplcdn.com/0x0/cw/makes/chevrolet.webp
Chevrolet,Optra SRV [2006-2010],2006,Discontinued,Optra SRV,Petrol,,,https://imgd.aeplcdn.com/664x374/cw/cars/discontinued/chevrolet/optra-srv-2006-2010.jpg,https://imgd.aeplcdn.com/0x0/cw/makes/chevrolet.webp
Chevrolet,Forester [2004-2007],2004,Discontinued,Forester,Petrol,,,https://imgd.aeplcdn.com/664x374/cw/cars/discontinued/chevrolet/forester-2004-2007.jpg,https://imgd.aeplcdn.com/0x0/cw/makes/chevrolet.webp
Chevrolet,Forester [2005-2007],2005,Discontinued,Forester,Petrol,,,https://imgd.aeplcdn.com/664x374/cw/cars/discontinued/chevrolet/forester-2005-2007.jpg,https://imgd.aeplcdn.com/0x0/cw/makes/chevrolet.webp
Fiat,Linea,2014,Discontinued,Linea,Petrol,,,https://imgd.aeplcdn.com/664x374/cw/ec/12624/Fiat-Linea-Exterior-128099.jpg,https://imgd.aeplcdn.com/0x0/cw/makes/fiat.webp
Fiat,Punto Evo,2014,Discontinued,Punto Evo,Electric,,,https://imgd.aeplcdn.com/664x374/cw/ec/13700/Fiat-Punto-Evo-Right-Front-Three-Quarter-77711.jpg,https://imgd.aeplcdn.com/0x0/cw/makes/fiat.webp
Fiat,Avventura,2014,Discontinued,Avventura,Petrol,,,https://imgd.aeplcdn.com/664x374/cw/cars/fiat/avventura.jpg,https://imgd.aeplcdn.com/0x0/cw/makes/fiat.webp
Fiat,Abarth Punto,2015,Discontinued,Abarth Punto,Petrol,,,https://imgd.aeplcdn.com/664x374/cw/ec/19739/Fiat-Abarth-Punto-Exterior-Door-Handles-108927.jpg,https://imgd.aeplcdn.com/0x0/cw/makes/fiat.webp
Fiat,Siena,2014,Discontinued,Siena,Petrol,,,https://imgd.aeplcdn.com/664x374/cw/cars/discontinued/fiat/siena.jpg,https://imgd.aeplcdn.com/0x0/cw/makes/fiat.webp
Fiat,Punto [2011-2014],2011,Discontinued,Punto,Petrol,,,https://imgd.aeplcdn.com/664x374/cw/cars/discontinued/fiat/punto-2011-2014.jpg,https://imgd.aeplcdn.com/0x0/cw/makes/fiat.webp
Fiat,Palio Stile [2007-2011],2007,Discontinued,Palio Stile,Petrol,,,https://imgd.aeplcdn.com/664x374/cw/cars/discontinued/fiat/palio-stile-2007-2011.jpg,https://imgd.aeplcdn.com/0x0/cw/makes/fiat.webp
Fiat,Punto Pure [2016-2017],2016,Discontinued,Punto Pure,Petrol,,,https://imgd.aeplcdn.com/664x374/cw/ec/21942/Fiat-Punto-Pure-Right-Front-Three-Quarter-66366.jpg,https://imgd.aeplcdn.com/0x0/cw/makes/fiat.webp
Fiat,Urban Cross,2016,Discontinued,Urban Cross,Petrol,,,https://imgd.aeplcdn.com/664x374/cw/ec/26386/Fiat-Urban-Cross-Right-Front-Three-Quarter-86802.jpg,https://imgd.aeplcdn.com/0x0/cw/makes/fiat.webp
Fiat,Linea [2008-2011],2008,Discontinued,Linea,Petrol,,,https://imgd.aeplcdn.com/664x374/cw/cars/discontinued/fiat/linea-2008-2011.jpg,https://imgd.aeplcdn.com/0x0/cw/makes/fiat.webp
Fiat,Palio D [2003-2007],2003,Discontinued,Palio D,Petrol,,,https://imgd.aeplcdn.com/664x374/cw/cars/discontinued/fiat/palio-d-2003-2007.jpg,https://imgd.aeplcdn.com/0x0/cw/makes/fiat.webp
Fiat,Abarth 595,2015,Discontinued,Abarth 595,Petrol,,,https://imgd.aeplcdn.com/664x374/cw/cars/fiat/abarth-595.jpg,https://imgd.aeplcdn.com/0x0/cw/makes/fiat.webp
Fiat,500,2001,Discontinued,500,Petrol,,,https://imgd.aeplcdn.com/664x374/cw/cars/discontinued/fiat/500.jpg,https://imgd.aeplcdn.com/0x0/cw/makes/fiat.webp
Fiat,Linea Classic,2013,Discontinued,Linea Classic,Petrol,,,https://imgd.aeplcdn.com/664x374/ec/7F/CF/18272/img/m/Fiat-Linea-Classic-Right-Front-Three-Quarter-50061_ol.jpg,https://imgd.aeplcdn.com/0x0/cw/makes/fiat.webp
Fiat,Punto [2009-2011],2009,Discontinued,Punto,Petrol,,,https://imgd.aeplcdn.com/664x374/cw/cars/discontinued/fiat/punto-2009-2011.jpg,https://imgd.aeplcdn.com/0x0/cw/makes/fiat.webp
Fiat,Palio [2001-2005],2001,Discontinued,Palio,Petrol,,,https://imgd.aeplcdn.com/664x374/cw/cars/discontinued/fiat/palio-2001-2005.jpg,https://imgd.aeplcdn.com/0x0/cw/makes/fiat.webp
Fiat,Uno,1990,Discontinued,Uno,Petrol,,,https://imgd.aeplcdn.com/664x374/cw/cars/discontinued/fiat/uno.jpg,https://imgd.aeplcdn.com/0x0/cw/makes/fiat.webp
Fiat,Palio NV [2005-2007],2005,Discontinued,Palio NV,Petrol,,,https://imgd.aeplcdn.com/664x374/cw/cars/discontinued/fiat/palio-nv-2005-2007.jpg,https://imgd.aeplcdn.com/0x0/cw/makes/fiat.webp
Fiat,Linea [2012-2014],2012,Discontinued,Linea,Petrol,,,https://imgd.aeplcdn.com/664x374/cw/cars/discontinued/fiat/linea-2012-2014.jpg,https://imgd.aeplcdn.com/0x0/cw/makes/fiat.webp
Fiat,Siena Weekend [2000-2002],2000,Discontinued,Siena Weekend,Petrol,,,https://imgd.aeplcdn.com/664x374/cw/cars/discontinued/fiat/siena-weekend-2000-2002.jpg,https://imgd.aeplcdn.com/0x0/cw/makes/fiat.webp
Fiat,Siena [1999-2002],1999,Discontinued,Siena,Petrol,,,https://imgd.aeplcdn.com/664x374/cw/cars/discontinued/fiat/siena-1999-2002.jpg,https://imgd.aeplcdn.com/0x0/cw/makes/fiat.webp
Ford,EcoSport,2019,Discontinued,EcoSport,Petrol,,,https://imgd.aeplcdn.com/664x374/cw/ec/40369/Ford-EcoSport-Right-Front-Three-Quarter-159249.jpg,https://imgd.aeplcdn.com/0x0/cw/makes/ford.webp
Ford,Endeavour,2019,Discontinued,Endeavour,Petrol,,,https://imgd.aeplcdn.com/664x374/n/cw/ec/37640/endeavour-exterior-right-front-three-quarter-149473.jpeg,https://imgd.aeplcdn.com/0x0/cw/makes/ford.webp
Ford,Figo,2019,Discontinued,Figo,Petrol,,,https://imgd.aeplcdn.com/664x374/n/cw/ec/35463/figo-exterior-right-front-three-quarter-151689.jpeg,https://imgd.aeplcdn.com/0x0/cw/makes/ford.webp
Ford,Aspire,2018,Discontinued,Aspire,Petrol,,,https://imgd.aeplcdn.com/664x374/n/cw/ec/35583/aspire-exterior-right-front-three-quarter-2.jpeg,https://imgd.aeplcdn.com/0x0/cw/makes/ford.webp
Ford,Freestyle,2018,Discontinued,Freestyle,Petrol,,,https://imgd.aeplcdn.com/664x374/n/cw/ec/32698/freestyle-exterior-right-front-three-quarter-2.jpeg,https://imgd.aeplcdn.com/0x0/cw/makes/ford.webp
Ford,Mustang,2016,Discontinued,Mustang,Petrol,,,https://imgd.aeplcdn.com/664x374/cw/ec/23766/Ford-Mustang-Exterior-126883.jpg,https://imgd.aeplcdn.com/0x0/cw/makes/ford.webp
Ford,Figo [2012-2015],2012,Discontinued,Figo,Petrol,,,https://imgd.aeplcdn.com/664x374/cw/cars/discontinued/ford/figo.jpg,https://imgd.aeplcdn.com/0x0/cw/makes/ford.webp
Ford,Aspire [2015-2018],2015,Discontinued,Aspire,Petrol,,,https://imgd.aeplcdn.com/664x374/cw/ec/19421/Ford-Aspire-Right-Front-Three-Quarter-74345.jpg,https://imgd.aeplcdn.com/0x0/cw/makes/ford.webp
Ford,Fiesta,2014,Discontinued,Fiesta,Petrol,,,https://imgd.aeplcdn.com/664x374/cw/cars/ford/fiesta.jpg,https://imgd.aeplcdn.com/0x0/cw/makes/ford.webp
Ford,Ikon,2009,Discontinued,Ikon,Petrol,,,https://imgd.aeplcdn.com/664x374/cw/cars/discontinued/ford/ikon-2009-2011.jpg,https://imgd.aeplcdn.com/0x0/cw/makes/ford.webp
Ford,Classic [2012-2015],2012,Discontinued,Classic,Petrol,,,https://imgd.aeplcdn.com/664x374/cw/cars/ford/classic.jpg,https://imgd.aeplcdn.com/0x0/cw/makes/ford.webp
Ford,Endeavour [2009-2014],2009,Discontinued,Endeavour,Petrol,,,https://imgd.aeplcdn.com/664x374/cw/cars/discontinued/ford/endeavour-2009-2014.jpg,https://imgd.aeplcdn.com/0x0/cw/makes/ford.webp
Ford,Endeavour [2016-2019],2016,Discontinued,Endeavour,Petrol,,,https://imgd.aeplcdn.com/664x374/cw/ec/37640/Ford-Endeavour-Right-Front-Three-Quarter-149442.jpg,https://imgd.aeplcdn.com/0x0/cw/makes/ford.webp
Ford,EcoSport [2015-2017],2015,Discontinued,EcoSport,Petrol,,,https://imgd.aeplcdn.com/664x374/cw/ec/20482/Ford-EcoSport-Right-Front-Three-Quarter-77975.jpg,https://imgd.aeplcdn.com/0x0/cw/makes/ford.webp
Ford,Fiesta [2008-2011],2008,Discontinued,Fiesta,Petrol,,,https://imgd.aeplcdn.com/664x374/cw/cars/discontinued/ford/fiesta-2008-2011.jpg,https://imgd.aeplcdn.com/0x0/cw/makes/ford.webp
Ford,EcoSport [2013-2015],2013,Discontinued,EcoSport,Petrol,,,https://imgd.aeplcdn.com/664x374/cw/cars/ford/ecosport.jpg,https://imgd.aeplcdn.com/0x0/cw/makes/ford.webp
Ford,Fiesta [2005-2008],2005,Discontinued,Fiesta,Petrol,,,https://imgd.aeplcdn.com/664x374/cw/cars/discontinued/ford/fiesta-2005-2008.jpg,https://imgd.aeplcdn.com/0x0/cw/makes/ford.webp
Ford,Fiesta Classic [2011-2012],2011,Discontinued,Fiesta Classic,Petrol,,,https://imgd.aeplcdn.com/664x374/cw/cars/discontinued/ford/fiesta-classic-2011-2012.jpg,https://imgd.aeplcdn.com/0x0/cw/makes/ford.webp
Ford,Figo [2010-2012],2010,Discontinued,Figo,Petrol,,,https://imgd.aeplcdn.com/664x374/cw/cars/discontinued/ford/figo-2010-2012.jpg,https://imgd.aeplcdn.com/0x0/cw/makes/ford.webp
Ford,Figo [2015-2019],2015,Discontinued,Figo,Petrol,,,https://imgd.aeplcdn.com/664x374/cw/ec/20230/Ford-Figo-Exterior-119015.jpg,https://imgd.aeplcdn.com/0x0/cw/makes/ford.webp
Ford,EcoSport [2017-2019],2017,Discontinued,EcoSport,Petrol,,,https://imgd.aeplcdn.com/664x374/cw/ec/31676/Ford-EcoSport-New-Right-Front-Three-Quarter-111783.jpg,https://imgd.aeplcdn.com/0x0/cw/makes/ford.webp
Ford,Ikon [2003-2009],2003,Discontinued,Ikon,Petrol,,,https://imgd.aeplcdn.com/664x374/cw/cars/discontinued/ford/ikon-2003-2009.jpg,https://imgd.aeplcdn.com/0x0/cw/makes/ford.webp
Ford,Mondeo,2017,Discontinued,Mondeo,Petrol,,,https://imgd.aeplcdn.com/664x374/cw/cars/discontinued/ford/mondeo.jpg,https://imgd.aeplcdn.com/0x0/cw/makes/ford.webp
Ford,Fusion [2006-2010],2006,Discontinued,Fusion,Petrol,,,https://imgd.aeplcdn.com/664x374/cw/cars/discontinued/ford/fusion-2006-2010.jpg,https://imgd.aeplcdn.com/0x0/cw/makes/ford.webp
Ford,Fiesta [2011-2014],2011,Discontinued,Fiesta,Petrol,,,https://imgd.aeplcdn.com/664x374/cw/cars/discontinued/ford/fiesta-2011-2014.jpg,https://imgd.aeplcdn.com/0x0/cw/makes/ford.webp
Ford,Endeavour [2014-2015],2014,Discontinued,Endeavour,Petrol,,,https://imgd.aeplcdn.com/664x374/cw/cars/ford/endeavour.jpg,https://imgd.aeplcdn.com/0x0/cw/makes/ford.webp
Ford,Endeavour [2007-2009],2007,Discontinued,Endeavour,Petrol,,,https://imgd.aeplcdn.com/664x374/cw/cars/discontinued/ford/endeavour-2007-2009.jpg,https://imgd.aeplcdn.com/0x0/cw/makes/ford.webp
Ford,Fusion [2004-2006],2004,Discontinued,Fusion,Petrol,,,https://imgd.aeplcdn.com/664x374/cw/cars/discontinued/ford/fusion-2004-2006.jpg,https://imgd.aeplcdn.com/0x0/cw/makes/ford.webp
Ford,Endeavour [2003-2007],2003,Discontinued,Endeavour,Petrol,,,https://imgd.aeplcdn.com/664x374/cw/cars/discontinued/ford/endeavour-2003-2007.jpg,https://imgd.aeplcdn.com/0x0/cw/makes/ford.webp
Ford,Ikon [1999-2003],1999,Discontinued,Ikon,Petrol,,,https://imgd.aeplcdn.com/664x374/cw/cars/discontinued/ford/ikon-1999-2003.jpg,https://imgd.aeplcdn.com/0x0/cw/makes/ford.webp
Honda,Amaze [2018-2021],2018,Discontinued,Amaze,Petrol,,,https://imgd.aeplcdn.com/664x374/n/cw/ec/33276/amaze-exterior-right-front-three-quarter-2.jpeg,https://imgd.aeplcdn.com/0x0/cw/makes/honda.webp
Honda,All New City [2020-2023],2020,Discontinued,All New City,Petrol,,,https://imgd.aeplcdn.com/664x374/n/cw/ec/40535/all-new-city-exterior-right-front-three-quarter.jpeg,https://imgd.aeplcdn.com/0x0/cw/makes/honda.webp
Honda,WR-V,2020,Discontinued,WR-V,Petrol,,,https://imgd.aeplcdn.com/664x374/n/cw/ec/45732/wr-v-exterior-right-front-three-quarter.jpeg,https://imgd.aeplcdn.com/0x0/cw/makes/honda.webp
Honda,Jazz,2020,Discontinued,Jazz,Petrol,,,https://imgd.aeplcdn.com/664x374/n/cw/ec/46891/jazz-exterior-right-front-three-quarter.jpeg,https://imgd.aeplcdn.com/0x0/cw/makes/honda.webp
Honda,Civic,2019,Discontinued,Civic,Petrol,,,https://imgd.aeplcdn.com/664x374/n/cw/ec/27074/civic-exterior-right-front-three-quarter-148156.jpeg,https://imgd.aeplcdn.com/0x0/cw/makes/honda.webp
Honda,City 4th Generation,2017,Discontinued,City 4th Generation,Petrol,,,https://imgd.aeplcdn.com/664x374/n/cw/ec/26755/city-4th-generation-exterior-right-front-three-quarter.jpeg,https://imgd.aeplcdn.com/0x0/cw/makes/honda.webp
Honda,CR-V,2018,Discontinued,CR-V,Petrol,,,https://imgd.aeplcdn.com/664x374/n/cw/ec/34457/cr-v-exterior-right-front-three-quarter.jpeg,https://imgd.aeplcdn.com/0x0/cw/makes/honda.webp
Honda,City Hybrid eHEV [2022-2023],2022,Discontinued,City Hybrid eHEV,Petrol,,,https://imgd.aeplcdn.com/664x374/n/cw/ec/115031/city-hybrid-ehev-exterior-right-front-three-quarter-3.jpeg,https://imgd.aeplcdn.com/0x0/cw/makes/honda.webp
Honda,BR-V,2016,Discontinued,BR-V,Petrol,,,https://imgd.aeplcdn.com/664x374/cw/ec/19810/Honda-BRV-Exterior-119023.jpg,https://imgd.aeplcdn.com/0x0/cw/makes/honda.webp
Honda,Elevate EV,2026,Discontinued,Elevate EV,Electric,,,https://imgd.aeplcdn.com/664x374/n/cw/ec/194035/elevate-based-ev-exterior-right-side-view.jpeg,https://imgd.aeplcdn.com/0x0/cw/makes/honda.webp
Honda,Brio,2016,Discontinued,Brio,Petrol,,,https://imgd.aeplcdn.com/664x374/cw/ec/25121/Honda-Brio-Exterior-119148.jpg,https://imgd.aeplcdn.com/0x0/cw/makes/honda.webp
Honda,Mobilio,2014,Discontinued,Mobilio,Petrol,,,https://imgd.aeplcdn.com/664x374/ec/e2/86/13839/img/m/Honda-Mobilio-Right-Front-Three-Quarter-49019_ol.jpg,https://imgd.aeplcdn.com/0x0/cw/makes/honda.webp
Honda,Accord,2016,Discontinued,Accord,Petrol,,,https://imgd.aeplcdn.com/664x374/cw/ec/21613/Honda-Accord-Right-Front-Three-Quarter-82683.jpg,https://imgd.aeplcdn.com/0x0/cw/makes/honda.webp
Honda,WR-V [2017-2020],2017,Discontinued,WR-V,Petrol,,,https://imgd.aeplcdn.com/664x374/cw/ec/25833/Honda-WRV-Exterior-118956.jpg,https://imgd.aeplcdn.com/0x0/cw/makes/honda.webp
Honda,Jazz [2015-2018],2015,Discontinued,Jazz,Petrol,,,https://imgd.aeplcdn.com/664x374/cw/ec/19352/Honda-Jazz-Exterior-118958.jpg,https://imgd.aeplcdn.com/0x0/cw/makes/honda.webp
Honda,City [2014-2017],2014,Discontinued,City,Petrol,,,https://imgd.aeplcdn.com/664x374/cw/ec/11592/Honda-City-Right-Front-Three-Quarter-67596.jpg,https://imgd.aeplcdn.com/0x0/cw/makes/honda.webp
Honda,Jazz [2018-2020],2018,Discontinued,Jazz,Petrol,,,https://imgd.aeplcdn.com/664x374/cw/ec/32595/Honda-Jazz-Exterior-176190.jpg,https://imgd.aeplcdn.com/0x0/cw/makes/honda.webp
Honda,Amaze [2013-2016],2013,Discontinued,Amaze,Petrol,,,https://imgd.aeplcdn.com/664x374/cw/cars/honda/amaze.jpg,https://imgd.aeplcdn.com/0x0/cw/makes/honda.webp
Honda,City ZX,2005,Discontinued,City ZX,Petrol,,,https://imgd.aeplcdn.com/664x374/cw/cars/discontinued/honda/city-zx-2005-2008.jpg,https://imgd.aeplcdn.com/0x0/cw/makes/honda.webp
Honda,City [2011-2014],2011,Discontinued,City,Petrol,,,https://imgd.aeplcdn.com/664x374/n/cw/ec/9733/city-2011-2014-exterior-right-front-three-quarter-2.jpeg,https://imgd.aeplcdn.com/0x0/cw/makes/honda.webp
Honda,CR-V [2013-2018],2013,Discontinued,CR-V,Petrol,,,https://imgd.aeplcdn.com/664x374/cw/ec/10045/Honda-CRV-Exterior-127662.jpg,https://imgd.aeplcdn.com/0x0/cw/makes/honda.webp
Honda,Amaze [2016-2018],2016,Discontinued,Amaze,Petrol,,,https://imgd.aeplcdn.com/664x374/cw/ec/22467/Honda-Amaze-Exterior-118959.jpg,https://imgd.aeplcdn.com/0x0/cw/makes/honda.webp
Honda,Civic [2010-2013],2010,Discontinued,Civic,Petrol,,,https://imgd.aeplcdn.com/664x374/cw/cars/discontinued/honda/civic-2010-2013.jpg,https://imgd.aeplcdn.com/0x0/cw/makes/honda.webp
Honda,Civic [2006-2010],2006,Discontinued,Civic,Petrol,,,https://imgd.aeplcdn.com/664x374/cw/cars/discontinued/honda/civic-2006-2010.jpg,https://imgd.aeplcdn.com/0x0/cw/makes/honda.webp
Honda,City [2008-2011],2008,Discontinued,City,Petrol,,,https://imgd.aeplcdn.com/664x374/cw/cars/discontinued/honda/city-2008-2011.jpg,https://imgd.aeplcdn.com/0x0/cw/makes/honda.webp
Honda,Brio [2013-2016],2013,Discontinued,Brio,Petrol,,,https://imgd.aeplcdn.com/664x374/cw/ec/9730/Honda-Brio-20132016-Right-Front-Three-Quarter-81357.jpg,https://imgd.aeplcdn.com/0x0/cw/makes/honda.webp
Honda,CR-V [2007-2009],2007,Discontinued,CR-V,Petrol,,,https://imgd.aeplcdn.com/664x374/cw/cars/discontinued/honda/cr-v-2007-2009.jpg,https://imgd.aeplcdn.com/0x0/cw/makes/honda.webp
Honda,CR-V [2004-2007],2004,Discontinued,CR-V,Petrol,,,https://imgd.aeplcdn.com/664x374/cw/cars/discontinued/honda/cr-v-2004-2007.jpg,https://imgd.aeplcdn.com/0x0/cw/makes/honda.webp
Honda,City [2003-2005],2003,Discontinued,City,Petrol,,,https://imgd.aeplcdn.com/664x374/cw/cars/discontinued/honda/city-2003-2005.jpg,https://imgd.aeplcdn.com/0x0/cw/makes/honda.webp
Honda,Accord [2011-2014],2011,Discontinued,Accord,Petrol,,,https://imgd.aeplcdn.com/664x374/cw/cars/discontinued/honda/accord-2011-2014.jpg,https://imgd.aeplcdn.com/0x0/cw/makes/honda.webp
Honda,Accord [2008-2011],2008,Discontinued,Accord,Petrol,,,https://imgd.aeplcdn.com/664x374/cw/cars/discontinued/honda/accord-2008-2011.jpg,https://imgd.aeplcdn.com/0x0/cw/makes/honda.webp
Honda,Accord [2003-2007],2003,Discontinued,Accord,Petrol,,,https://imgd.aeplcdn.com/664x374/cw/cars/discontinued/honda/accord-2003-2007.jpg,https://imgd.aeplcdn.com/0x0/cw/makes/honda.webp
Honda,Jazz [2011-2013],2011,Discontinued,Jazz,Petrol,,,https://imgd.aeplcdn.com/664x374/cw/cars/discontinued/honda/jazz-2011-2013.jpg,https://imgd.aeplcdn.com/0x0/cw/makes/honda.webp
Honda,Jazz [2009-2011],2009,Discontinued,Jazz,Petrol,,,https://imgd.aeplcdn.com/664x374/cw/cars/discontinued/honda/jazz-2009-2011.jpg,https://imgd.aeplcdn.com/0x0/cw/makes/honda.webp
Honda,Brio [2011-2013],2011,Discontinued,Brio,Petrol,,,https://imgd.aeplcdn.com/664x374/cw/cars/discontinued/honda/brio-2011-2013.jpg,https://imgd.aeplcdn.com/0x0/cw/makes/honda.webp
Honda,City [2000-2003],2000,Discontinued,City,Petrol,,,https://imgd.aeplcdn.com/664x374/cw/cars/discontinued/honda/city-2000-2003.jpg,https://imgd.aeplcdn.com/0x0/cw/makes/honda.webp
Honda,City [1998-2000],1998,Discontinued,City,Petrol,,,https://imgd.aeplcdn.com/664x374/cw/cars/discontinued/honda/city-1998-2000.jpg,https://imgd.aeplcdn.com/0x0/cw/makes/honda.webp
Honda,CR-V [2009-2013],2009,Discontinued,CR-V,Petrol,,,https://imgd.aeplcdn.com/664x374/cw/cars/discontinued/honda/cr-v-2009-2013.jpg,https://imgd.aeplcdn.com/0x0/cw/makes/honda.webp
Honda,Accord [2007-2008],2007,Discontinued,Accord,Petrol,,,https://imgd.aeplcdn.com/664x374/cw/cars/discontinued/honda/accord-2007-2008.jpg,https://imgd.aeplcdn.com/0x0/cw/makes/honda.webp
Honda,Accord [2001-2003],2001,Discontinued,Accord,Petrol,,,https://imgd.aeplcdn.com/664x374/cw/cars/discontinued/honda/accord-2001-2003.jpg,https://imgd.aeplcdn.com/0x0/cw/makes/honda.webp
Honda,Elevate,2023,Active,Elevate,Petrol,,,https://imgd.aeplcdn.com/664x374/n/cw/ec/142515/elevate-exterior-right-front-three-quarter-29.png,https://imgd.aeplcdn.com/0x0/cw/makes/honda.webp
Honda,Amaze,2024,Active,Amaze,Petrol,,,https://imgd.aeplcdn.com/664x374/n/cw/ec/184377/amaze-exterior-right-front-three-quarter-5.png,https://imgd.aeplcdn.com/0x0/cw/makes/honda.webp
Honda,City,2023,Active,City,Petrol,,,https://imgd.aeplcdn.com/664x374/n/cw/ec/134287/city-exterior-right-front-three-quarter-2.png,https://imgd.aeplcdn.com/0x0/cw/makes/honda.webp
Honda,Amaze 2nd Gen,2021,Active,Amaze 2nd Gen,Petrol,,,https://imgd.aeplcdn.com/664x374/n/cw/ec/45951/amaze-2nd-gen-exterior-right-front-three-quarter-5.png,https://imgd.aeplcdn.com/0x0/cw/makes/honda.webp
Honda,City Hybrid eHEV,2023,Active,City Hybrid eHEV,Petrol,,,https://imgd.aeplcdn.com/664x374/n/cw/ec/143275/city-hybrid-exterior-right-front-three-quarter-6.png,https://imgd.aeplcdn.com/0x0/cw/makes/honda.webp
Honda,WR-V,2027,Upcoming,WR-V,Petrol,,,https://imgd.aeplcdn.com/664x374/n/cw/ec/134113/wr-v-exterior-left-front-three-quarter-5.png,https://imgd.aeplcdn.com/0x0/cw/makes/honda.webp
Honda,0 Alpha,2027,Upcoming,0 Alpha,Petrol,,,https://imgd.aeplcdn.com/664x374/n/cw/ec/211889/0-alpha-exterior-left-front-three-quarter.jpeg,https://imgd.aeplcdn.com/0x0/cw/makes/honda.webp
Honda,CR-V Hybrid,2027,Upcoming,CR-V Hybrid,Petrol,,,https://imgd.aeplcdn.com/664x374/n/cw/ec/212355/cr-v-hybrid-exterior-right-front-three-quarter.png,https://imgd.aeplcdn.com/0x0/cw/makes/honda.webp
Honda,Super One,2026,Upcoming,Super One,Petrol,,,https://imgd.aeplcdn.com/664x374/n/cw/ec/212273/super-one-exterior-left-front-three-quarter.jpeg,https://imgd.aeplcdn.com/0x0/cw/makes/honda.webp
Hyundai,Venue [2023-2025],2023,Discontinued,Venue,Petrol,,,https://imgd.aeplcdn.com/664x374/n/cw/ec/141113/venue-exterior-right-front-three-quarter-19.png,https://imgd.aeplcdn.com/0x0/cw/makes/hyundai.webp
Hyundai,Venue [2019-2022],2019,Discontinued,Venue,Petrol,,,https://imgd.aeplcdn.com/664x374/n/cw/ec/35455/venue-exterior-right-front-three-quarter-2.jpeg,https://imgd.aeplcdn.com/0x0/cw/makes/hyundai.webp
Hyundai,Venue [2022-2023],2022,Discontinued,Venue,Petrol,,,https://imgd.aeplcdn.com/664x374/n/cw/ec/106257/venue-exterior-right-front-three-quarter-2.jpeg,https://imgd.aeplcdn.com/0x0/cw/makes/hyundai.webp
Hyundai,Creta [2020-2023],2020,Discontinued,Creta,Petrol,,,https://imgd.aeplcdn.com/664x374/n/cw/ec/41564/hyundai-creta-right-front-three-quarter9.jpeg,https://imgd.aeplcdn.com/0x0/cw/makes/hyundai.webp
Hyundai,Elite i20 [2019-2020],2019,Discontinued,Elite i20,Petrol,,,https://imgd.aeplcdn.com/664x374/cw/ec/38332/Hyundai-Elite-i20-Right-Front-Three-Quarter-148187.jpg,https://imgd.aeplcdn.com/0x0/cw/makes/hyundai.webp
Hyundai,Grand i10 Nios [2019-2023],2019,Discontinued,Grand i10 Nios,Petrol,,,https://imgd.aeplcdn.com/664x374/n/cw/ec/35465/grand-i10-nios-exterior-right-front-three-quarter-2.jpeg,https://imgd.aeplcdn.com/0x0/cw/makes/hyundai.webp
Hyundai,Exter [2023-2026],2023,Discontinued,Exter,Petrol,,,https://imgd.aeplcdn.com/664x374/n/cw/ec/144851/exter-exterior-right-front-three-quarter-64.png,https://imgd.aeplcdn.com/0x0/cw/makes/hyundai.webp
Hyundai,Verna [2023-2026],2023,Discontinued,Verna,Petrol,,,https://imgd.aeplcdn.com/664x374/n/cw/ec/121943/verna-exterior-right-front-three-quarter-103.png,https://imgd.aeplcdn.com/0x0/cw/makes/hyundai.webp
Hyundai,Aura [2020-2023],2020,Discontinued,Aura,Petrol,,,https://imgd.aeplcdn.com/664x374/n/cw/ec/41652/aura-exterior-right-front-three-quarter-54.jpeg,https://imgd.aeplcdn.com/0x0/cw/makes/hyundai.webp
Hyundai,Creta [2023-2024],2023,Discontinued,Creta,Petrol,,,https://imgd.aeplcdn.com/664x374/n/cw/ec/141115/creta-exterior-right-front-three-quarter-16.jpeg,https://imgd.aeplcdn.com/0x0/cw/makes/hyundai.webp
Hyundai,Grand i10,2017,Discontinued,Grand i10,Petrol,,,https://imgd.aeplcdn.com/664x374/n/cw/ec/26859/grand-i10-exterior-right-front-three-quarter.jpeg,https://imgd.aeplcdn.com/0x0/cw/makes/hyundai.webp
Hyundai,Santro,2018,Discontinued,Santro,Petrol,,,https://imgd.aeplcdn.com/664x374/n/cw/ec/32940/santro-exterior-right-front-three-quarter-138782.jpeg,https://imgd.aeplcdn.com/0x0/cw/makes/hyundai.webp
Hyundai,Venue N Line [2023-2025],2023,Discontinued,Venue N Line,Petrol,,,https://imgd.aeplcdn.com/664x374/n/cw/ec/142677/venue-n-line-exterior-right-front-three-quarter-6.png,https://imgd.aeplcdn.com/0x0/cw/makes/hyundai.webp
Hyundai,i20 [2020-2023],2020,Discontinued,i20,Petrol,,,https://imgd.aeplcdn.com/664x374/n/cw/ec/40530/i20-exterior-right-front-three-quarter-5.jpeg,https://imgd.aeplcdn.com/0x0/cw/makes/hyundai.webp
Hyundai,Tucson [2020-2022],2020,Discontinued,Tucson,Petrol,,,https://imgd.aeplcdn.com/664x374/n/cw/ec/39082/tucson-exterior-right-front-three-quarter.jpeg,https://imgd.aeplcdn.com/0x0/cw/makes/hyundai.webp
Hyundai,Elantra,2019,Discontinued,Elantra,Petrol,,,https://imgd.aeplcdn.com/664x374/n/cw/ec/41138/elantra-exterior-right-front-three-quarter-3.jpeg,https://imgd.aeplcdn.com/0x0/cw/makes/hyundai.webp
Hyundai,Tucson,2022,Discontinued,Tucson,Petrol,,,https://imgd.aeplcdn.com/664x374/n/cw/ec/106821/tucson-exterior-right-front-three-quarter-8.png,https://imgd.aeplcdn.com/0x0/cw/makes/hyundai.webp
Hyundai,Alcazar [2023-2024],2023,Discontinued,Alcazar,Petrol,,,https://imgd.aeplcdn.com/664x374/n/cw/ec/142523/alcazar-exterior-right-front-three-quarter-11.jpeg,https://imgd.aeplcdn.com/0x0/cw/makes/hyundai.webp
Hyundai,Venue N Line [2022-2023],2022,Discontinued,Venue N Line,Petrol,,,https://imgd.aeplcdn.com/664x374/n/cw/ec/124957/venue-n-line-exterior-right-front-three-quarter-2.jpeg,https://imgd.aeplcdn.com/0x0/cw/makes/hyundai.webp
Hyundai,Alcazar [2021-2023],2021,Discontinued,Alcazar,Petrol,,,https://imgd.aeplcdn.com/664x374/n/cw/ec/46812/alcazar-exterior-right-front-three-quarter.jpeg,https://imgd.aeplcdn.com/0x0/cw/makes/hyundai.webp
Hyundai,i20 N Line [2021-2023],2021,Discontinued,i20 N Line,Petrol,,,https://imgd.aeplcdn.com/664x374/n/cw/ec/100121/i20-n-line-exterior-right-front-three-quarter-12.jpeg,https://imgd.aeplcdn.com/0x0/cw/makes/hyundai.webp
Hyundai,Xcent,2017,Discontinued,Xcent,Petrol,,,https://imgd.aeplcdn.com/664x374/n/cw/ec/26914/xcent-exterior-right-front-three-quarter.jpeg,https://imgd.aeplcdn.com/0x0/cw/makes/hyundai.webp
Hyundai,Eon,2011,Discontinued,Eon,Petrol,,,https://imgd.aeplcdn.com/664x374/cw/ec/9692/Hyundai-Eon-Right-Front-Three-Quarter-94097.jpg,https://imgd.aeplcdn.com/0x0/cw/makes/hyundai.webp
Hyundai,i20 Active,2018,Discontinued,i20 Active,Petrol,,,https://imgd.aeplcdn.com/664x374/cw/ec/34288/Hyundai-i20-Active-Exterior-126611.jpg,https://imgd.aeplcdn.com/0x0/cw/makes/hyundai.webp
Hyundai,Casper,2024,Discontinued,Casper,Petrol,,,https://imgd.aeplcdn.com/664x374/n/cw/ec/51891/casper-exterior-left-front-three-quarter-3.jpeg,https://imgd.aeplcdn.com/0x0/cw/makes/hyundai.webp
Hyundai,Creta [2019-2020],2019,Discontinued,Creta,Petrol,,,https://imgd.aeplcdn.com/664x374/cw/ec/38331/Hyundai-Creta-Right-Front-Three-Quarter-148200.jpg,https://imgd.aeplcdn.com/0x0/cw/makes/hyundai.webp
Hyundai,Kona Electric,2019,Discontinued,Kona Electric,Electric,,,https://imgd.aeplcdn.com/664x374/n/cw/ec/29580/kona-electric-exterior-right-front-three-quarter-162254.jpeg,https://imgd.aeplcdn.com/0x0/cw/makes/hyundai.webp
Hyundai,Verna [2017-2020],2017,Discontinued,Verna,Petrol,,,https://imgd.aeplcdn.com/664x374/cw/ec/25465/Hyundai-Verna-Exterior-118764.jpg,https://imgd.aeplcdn.com/0x0/cw/makes/hyundai.webp
Hyundai,i20 [2012-2014],2012,Discontinued,i20,Petrol,,,https://imgd.aeplcdn.com/664x374/cw/cars/discontinued/hyundai/i20-2012-2014.jpg,https://imgd.aeplcdn.com/0x0/cw/makes/hyundai.webp
Hyundai,Creta [2017-2018],2017,Discontinued,Creta,Petrol,,,https://imgd.aeplcdn.com/664x374/cw/ec/19382/Hyundai-Creta-Right-Front-Three-Quarter-118797.jpg,https://imgd.aeplcdn.com/0x0/cw/makes/hyundai.webp
Hyundai,Santro Xing [2008-2015],2008,Discontinued,Santro Xing,Petrol,,,https://imgd.aeplcdn.com/664x374/cw/cars/discontinued/hyundai/santro-xing-2008-2015.jpg,https://imgd.aeplcdn.com/0x0/cw/makes/hyundai.webp
Hyundai,i10 [2010-2017],2010,Discontinued,i10,Petrol,,,https://imgd.aeplcdn.com/664x374/cw/ec/9694/Hyundai-i10-Right-Front-Three-Quarter-94096.jpg,https://imgd.aeplcdn.com/0x0/cw/makes/hyundai.webp
Hyundai,Creta [2018-2019],2018,Discontinued,Creta,Petrol,,,https://imgd.aeplcdn.com/664x374/cw/ec/34305/Hyundai-Creta-Exterior-127803.jpg,https://imgd.aeplcdn.com/0x0/cw/makes/hyundai.webp
Hyundai,Verna [2011-2015],2011,Discontinued,Verna,Petrol,,,https://imgd.aeplcdn.com/664x374/cw/ec/9695/Hyundai-Verna-20112015-Exterior-96265.jpg,https://imgd.aeplcdn.com/0x0/cw/makes/hyundai.webp
Hyundai,Grand i10 [2013-2017],2013,Discontinued,Grand i10,Petrol,,,https://imgd.aeplcdn.com/664x374/cw/specialVersions/3073.jpg,https://imgd.aeplcdn.com/0x0/cw/makes/hyundai.webp
Hyundai,Creta [2015-2017],2015,Discontinued,Creta,Petrol,,,https://imgd.aeplcdn.com/664x374/cw/ec/19382/Hyundai-Creta-Right-Front-Three-Quarter-94091.jpg,https://imgd.aeplcdn.com/0x0/cw/makes/hyundai.webp
Hyundai,Elite i20 [2018-2019],2018,Discontinued,Elite i20,Petrol,,,https://imgd.aeplcdn.com/664x374/cw/ec/32953/Hyundai-Elite-i20-Exterior-118748.jpg,https://imgd.aeplcdn.com/0x0/cw/makes/hyundai.webp
Hyundai,i20 [2010-2012],2010,Discontinued,i20,Petrol,,,https://imgd.aeplcdn.com/664x374/cw/cars/discontinued/hyundai/i20-2010-2012.jpg,https://imgd.aeplcdn.com/0x0/cw/makes/hyundai.webp
Hyundai,Elite i20 [2016-2017],2016,Discontinued,Elite i20,Petrol,,,https://imgd.aeplcdn.com/664x374/cw/ec/21701/Hyundai-Elite-i20-Right-Front-Three-Quarter-65075.jpg,https://imgd.aeplcdn.com/0x0/cw/makes/hyundai.webp
Hyundai,Accent,2009,Discontinued,Accent,Petrol,,,https://imgd.aeplcdn.com/664x374/cw/cars/discontinued/hyundai/accent-2009-2013.jpg,https://imgd.aeplcdn.com/0x0/cw/makes/hyundai.webp
Hyundai,Xcent [2014-2017],2014,Discontinued,Xcent,Petrol,,,https://imgd.aeplcdn.com/664x374/cw/ec/12657/Hyundai-Xcent-Right-Front-Three-Quarter-94095.jpg,https://imgd.aeplcdn.com/0x0/cw/makes/hyundai.webp
Hyundai,Elite i20 [2014-2015],2014,Discontinued,Elite i20,Petrol,,,https://imgd.aeplcdn.com/664x374/cw/cars/hyundai/elite-i20.jpg,https://imgd.aeplcdn.com/0x0/cw/makes/hyundai.webp
Hyundai,Getz Prime [2007-2010],2007,Discontinued,Getz Prime,Petrol,,,https://imgd.aeplcdn.com/664x374/cw/cars/discontinued/hyundai/getz-prime-2007-2010.jpg,https://imgd.aeplcdn.com/0x0/cw/makes/hyundai.webp
Hyundai,i10 [2007-2010],2007,Discontinued,i10,Petrol,,,https://imgd.aeplcdn.com/664x374/cw/cars/discontinued/hyundai/i10-2007-2010.jpg,https://imgd.aeplcdn.com/0x0/cw/makes/hyundai.webp
Hyundai,New Kona,2024,Discontinued,New Kona,Petrol,,,https://imgd.aeplcdn.com/664x374/n/cw/ec/49892/new-kona-exterior-front-view.jpeg,https://imgd.aeplcdn.com/0x0/cw/makes/hyundai.webp
Hyundai,Elite i20 [2017-2018],2017,Discontinued,Elite i20,Petrol,,,https://imgd.aeplcdn.com/664x374/cw/ec/28531/Hyundai-Elite-i20-Right-Front-Three-Quarter-94070.jpg,https://imgd.aeplcdn.com/0x0/cw/makes/hyundai.webp
Hyundai,Santro Xing [2003-2008],2003,Discontinued,Santro Xing,Petrol,,,https://imgd.aeplcdn.com/664x374/cw/cars/discontinued/hyundai/santro-xing-2003-2008.jpg,https://imgd.aeplcdn.com/0x0/cw/makes/hyundai.webp
Hyundai,Santro [2000-2003],2000,Discontinued,Santro,Petrol,,,https://imgd.aeplcdn.com/664x374/cw/cars/discontinued/hyundai/santro-2000-2003.jpg,https://imgd.aeplcdn.com/0x0/cw/makes/hyundai.webp
Hyundai,i20 [2008-2010],2008,Discontinued,i20,Petrol,,,https://imgd.aeplcdn.com/664x374/cw/cars/discontinued/hyundai/i20-2008-2010.jpg,https://imgd.aeplcdn.com/0x0/cw/makes/hyundai.webp
Hyundai,Verna [2015-2017],2016,Discontinued,Verna,Petrol,,,https://imgd.aeplcdn.com/664x374/cw/ec/22136/Hyundai-Verna-Right-Front-Three-Quarter-82934.jpg,https://imgd.aeplcdn.com/0x0/cw/makes/hyundai.webp
Hyundai,Fluidic 4S [2015-2018],2015,Discontinued,Fluidic 4S,Petrol,,,https://imgd.aeplcdn.com/664x374/cw/cars/hyundai/fluidic-verna.jpg,https://imgd.aeplcdn.com/0x0/cw/makes/hyundai.webp
Hyundai,Santa Fe [2014-2017],2014,Discontinued,Santa Fe,Petrol,,,https://imgd.aeplcdn.com/664x374/cw/ec/10483/Hyundai-Santa-Fe-Right-Front-Three-Quarter-88687.jpg,https://imgd.aeplcdn.com/0x0/cw/makes/hyundai.webp
Hyundai,i20 Active [2015-2018],2015,Discontinued,i20 Active,Petrol,,,https://imgd.aeplcdn.com/664x374/cw/ec/17786/Hyundai-i20-Active-Right-Front-Three-Quarter-74241.jpg,https://imgd.aeplcdn.com/0x0/cw/makes/hyundai.webp
Hyundai,Verna [2006-2010],2006,Discontinued,Verna,Petrol,,,https://imgd.aeplcdn.com/664x374/cw/cars/discontinued/hyundai/verna-2006-2010.jpg,https://imgd.aeplcdn.com/0x0/cw/makes/hyundai.webp
Hyundai,Verna Transform [2010-2011],2010,Discontinued,Verna Transform,Petrol,,,https://imgd.aeplcdn.com/664x374/cw/cars/discontinued/hyundai/verna-transform-2010-2011.jpg,https://imgd.aeplcdn.com/0x0/cw/makes/hyundai.webp
Hyundai,Getz [2004-2007],2004,Discontinued,Getz,Petrol,,,https://imgd.aeplcdn.com/664x374/cw/cars/discontinued/hyundai/getz-2004-2007.jpg,https://imgd.aeplcdn.com/0x0/cw/makes/hyundai.webp
Hyundai,Elantra [2012-2015],2012,Discontinued,Elantra,Petrol,,,https://imgd.aeplcdn.com/664x374/cw/cars/discontinued/hyundai/elantra-2012-2015.jpg,https://imgd.aeplcdn.com/0x0/cw/makes/hyundai.webp
Hyundai,Tucson [2016-2020],2016,Discontinued,Tucson,Petrol,,,https://imgd.aeplcdn.com/664x374/cw/ec/21594/Hyundai-Tucson-Left-Front-Three-Quarter-83950.jpg,https://imgd.aeplcdn.com/0x0/cw/makes/hyundai.webp
Hyundai,Sonata,2011,Discontinued,Sonata,Petrol,,,https://imgd.aeplcdn.com/664x374/cw/cars/discontinued/hyundai/sonata-2011-2015.jpg,https://imgd.aeplcdn.com/0x0/cw/makes/hyundai.webp
Hyundai,Accent [2003-2009],2003,Discontinued,Accent,Petrol,,,https://imgd.aeplcdn.com/664x374/cw/cars/discontinued/hyundai/accent-2003-2009.jpg,https://imgd.aeplcdn.com/0x0/cw/makes/hyundai.webp
Hyundai,Santa Fe [2011-2014],2011,Discontinued,Santa Fe,Petrol,,,https://imgd.aeplcdn.com/664x374/cw/cars/discontinued/hyundai/santa-fe-2011-2014.jpg,https://imgd.aeplcdn.com/0x0/cw/makes/hyundai.webp
Hyundai,Sonata [2001-2005],2001,Discontinued,Sonata,Petrol,,,https://imgd.aeplcdn.com/664x374/cw/cars/discontinued/hyundai/sonata-2001-2005.jpg,https://imgd.aeplcdn.com/0x0/cw/makes/hyundai.webp
Hyundai,Sonata Embera [2005-2009],2005,Discontinued,Sonata Embera,Petrol,,,https://imgd.aeplcdn.com/664x374/cw/cars/discontinued/hyundai/sonata-embera-2005-2009.jpg,https://imgd.aeplcdn.com/0x0/cw/makes/hyundai.webp
Hyundai,Elantra [2016-2019],2016,Discontinued,Elantra,Petrol,,,https://imgd.aeplcdn.com/664x374/cw/ec/22900/Hyundai-Elantra-Exterior-94094.jpg,https://imgd.aeplcdn.com/0x0/cw/makes/hyundai.webp
Hyundai,Elantra [2015-2016],2015,Discontinued,Elantra,Petrol,,,https://imgd.aeplcdn.com/664x374/cw/cars/hyundai/elantra.jpg,https://imgd.aeplcdn.com/0x0/cw/makes/hyundai.webp
Hyundai,Elantra [2004-2008],2004,Discontinued,Elantra,Petrol,,,https://imgd.aeplcdn.com/664x374/cw/cars/discontinued/hyundai/elantra-2004-2008.jpg,https://imgd.aeplcdn.com/0x0/cw/makes/hyundai.webp
Hyundai,Accent Viva [2001-2007],2001,Discontinued,Accent Viva,Petrol,,,https://imgd.aeplcdn.com/664x374/cw/cars/discontinued/hyundai/accent-viva-2001-2007.jpg,https://imgd.aeplcdn.com/0x0/cw/makes/hyundai.webp
Hyundai,Tucson [2005-2010],2005,Discontinued,Tucson,Petrol,,,https://imgd.aeplcdn.com/664x374/cw/cars/discontinued/hyundai/tucson-2005-2010.jpg,https://imgd.aeplcdn.com/0x0/cw/makes/hyundai.webp
Hyundai,Accent [1999-2003],1999,Discontinued,Accent,Petrol,,,https://imgd.aeplcdn.com/664x374/cw/cars/discontinued/hyundai/accent-1999-2003.jpg,https://imgd.aeplcdn.com/0x0/cw/makes/hyundai.webp
Hyundai,Terracan [2003-2006],2003,Discontinued,Terracan,Petrol,,,https://imgd.aeplcdn.com/664x374/cw/cars/discontinued/hyundai/terracan-2003-2006.jpg,https://imgd.aeplcdn.com/0x0/cw/makes/hyundai.webp
Hyundai,Verna [2020-2023],2020,Discontinued,Verna,Petrol,,,https://imgd.aeplcdn.com/664x374/n/cw/ec/41197/hyundai-verna-right-front-three-quarter7.jpeg,https://imgd.aeplcdn.com/0x0/cw/makes/hyundai.webp
Hyundai,Sonata Transform [2009-2011],2009,Discontinued,Sonata Transform,Petrol,,,https://imgd.aeplcdn.com/664x374/cw/cars/discontinued/hyundai/sonata-transform-2009-2011.jpg,https://imgd.aeplcdn.com/0x0/cw/makes/hyundai.webp
Hyundai,Creta,2024,Active,Creta,Petrol,,,https://imgd.aeplcdn.com/664x374/n/cw/ec/106815/creta-exterior-right-front-three-quarter-6.png,https://imgd.aeplcdn.com/0x0/cw/makes/hyundai.webp
Hyundai,Venue,2025,Active,Venue,Petrol,,,https://imgd.aeplcdn.com/664x374/n/cw/ec/197163/venue-exterior-right-front-three-quarter-38.png,https://imgd.aeplcdn.com/0x0/cw/makes/hyundai.webp
Hyundai,Exter,2026,Active,Exter,Petrol,,,https://imgd.aeplcdn.com/664x374/n/cw/ec/216807/exter-exterior-right-front-three-quarter.png,https://imgd.aeplcdn.com/0x0/cw/makes/hyundai.webp
Hyundai,Verna,2026,Active,Verna,Petrol,,,https://imgd.aeplcdn.com/664x374/n/cw/ec/204398/verna-exterior-right-front-three-quarter.png,https://imgd.aeplcdn.com/0x0/cw/makes/hyundai.webp
Hyundai,i20,2023,Active,i20,Petrol,,,https://imgd.aeplcdn.com/664x374/n/cw/ec/150603/i20-exterior-right-front-three-quarter-13.png,https://imgd.aeplcdn.com/0x0/cw/makes/hyundai.webp
Hyundai,Grand i10 Nios,2023,Active,Grand i10 Nios,Petrol,,,https://imgd.aeplcdn.com/664x374/n/cw/ec/136183/grand-i10-nios-exterior-right-front-three-quarter-17.png,https://imgd.aeplcdn.com/0x0/cw/makes/hyundai.webp
Hyundai,Aura,2023,Active,Aura,Petrol,,,https://imgd.aeplcdn.com/664x374/n/cw/ec/139133/aura-exterior-right-front-three-quarter-9.png,https://imgd.aeplcdn.com/0x0/cw/makes/hyundai.webp
Hyundai,Alcazar,2024,Active,Alcazar,Petrol,,,https://imgd.aeplcdn.com/664x374/n/cw/ec/157825/alcazar-exterior-right-front-three-quarter-24.png,https://imgd.aeplcdn.com/0x0/cw/makes/hyundai.webp
Hyundai,i20 N Line,2023,Active,i20 N Line,Petrol,,,https://imgd.aeplcdn.com/664x374/n/cw/ec/158139/i20-n-line-exterior-right-front-three-quarter-16.png,https://imgd.aeplcdn.com/0x0/cw/makes/hyundai.webp
Hyundai,Creta Electric,2025,Active,Creta Electric,Electric,,,https://imgd.aeplcdn.com/664x374/n/cw/ec/167017/creta-electric-exterior-right-front-three-quarter-15.png,https://imgd.aeplcdn.com/0x0/cw/makes/hyundai.webp
Hyundai,Venue N Line,2025,Active,Venue N Line,Petrol,,,https://imgd.aeplcdn.com/664x374/n/cw/ec/210466/new-venue-n-line-exterior-right-front-three-quarter-11.png,https://imgd.aeplcdn.com/0x0/cw/makes/hyundai.webp
Hyundai,Creta N Line,2024,Active,Creta N Line,Petrol,,,https://imgd.aeplcdn.com/664x374/n/cw/ec/168697/creta-n-line-exterior-right-front-three-quarter-26.png,https://imgd.aeplcdn.com/0x0/cw/makes/hyundai.webp
Hyundai,Ioniq 5,2023,Active,Ioniq 5,Electric,,,https://imgd.aeplcdn.com/664x374/n/cw/ec/110289/ioniq-5-exterior-right-front-three-quarter-96.png,https://imgd.aeplcdn.com/0x0/cw/makes/hyundai.webp
Hyundai,Creta Facelift,2027,Upcoming,Creta Facelift,Petrol,,,https://imgd.aeplcdn.com/664x374/n/cw/ec/216847/creta-facelift-exterior-left-front-three-quarter.jpeg,https://imgd.aeplcdn.com/0x0/cw/makes/hyundai.webp
Hyundai,New Santa Fe,2026,Upcoming,New Santa Fe,Petrol,,,https://imgd.aeplcdn.com/664x374/n/cw/ec/153827/new-santa-fe-exterior-left-front-three-quarter.jpeg,https://imgd.aeplcdn.com/0x0/cw/makes/hyundai.webp
Hyundai,Palisade,2027,Upcoming,Palisade,Petrol,,,https://imgd.aeplcdn.com/664x374/n/cw/ec/162965/palisade-exterior-right-front-three-quarter.jpeg,https://imgd.aeplcdn.com/0x0/cw/makes/hyundai.webp
Hyundai,Tucson Facelift,2026,Upcoming,Tucson Facelift,Petrol,,,https://imgd.aeplcdn.com/664x374/n/cw/ec/166917/tucson-facelift-exterior-left-front-three-quarter.jpeg,https://imgd.aeplcdn.com/0x0/cw/makes/hyundai.webp
Hyundai,Stargazer,2026,Upcoming,Stargazer,Petrol,,,https://imgd.aeplcdn.com/664x374/n/cw/ec/124705/stargazer-exterior-left-front-three-quarter-4.jpeg,https://imgd.aeplcdn.com/0x0/cw/makes/hyundai.webp
Hyundai,Bayon,2026,Upcoming,Bayon,Petrol,,,https://imgd.aeplcdn.com/664x374/n/cw/ec/216517/bayon-exterior-left-front-three-quarter.jpeg,https://imgd.aeplcdn.com/0x0/cw/makes/hyundai.webp
Hyundai,Staria,2027,Upcoming,Staria,Petrol,,,https://imgd.aeplcdn.com/664x374/n/cw/ec/196235/staria-exterior-right-front-three-quarter.jpeg,https://imgd.aeplcdn.com/0x0/cw/makes/hyundai.webp
Hyundai,Ioniq 6,2026,Upcoming,Ioniq 6,Electric,,,https://imgd.aeplcdn.com/664x374/n/cw/ec/139795/ioniq-6-exterior-right-front-three-quarter.jpeg,https://imgd.aeplcdn.com/0x0/cw/makes/hyundai.webp
Hyundai,Ioniq 9,2027,Upcoming,Ioniq 9,Electric,,,https://imgd.aeplcdn.com/664x374/n/cw/ec/196941/ioniq-9-exterior-left-front-three-quarter.jpeg,https://imgd.aeplcdn.com/0x0/cw/makes/hyundai.webp
Hyundai,Ioniq 5 Facelift,2026,Upcoming,Ioniq 5 Facelift,Electric,,,https://imgd.aeplcdn.com/664x374/n/cw/ec/201627/ioniq-5-facelift-exterior-left-front-three-quarter.jpeg,https://imgd.aeplcdn.com/0x0/cw/makes/hyundai.webp
Mahindra,Thar [2020-2025],2020,Discontinued,Thar,Petrol,,,https://imgd.aeplcdn.com/664x374/n/cw/ec/40087/thar-exterior-right-front-three-quarter-38.png,https://imgd.aeplcdn.com/0x0/cw/makes/mahindra.webp
Mahindra,Old Generation XUV700,2021,Discontinued,Old Generation XUV700,Petrol,,,https://imgd.aeplcdn.com/664x374/n/cw/ec/42355/xuv700-exterior-right-front-three-quarter-2.png,https://imgd.aeplcdn.com/0x0/cw/makes/mahindra.webp
Mahindra,Bolero [2022-2025],2022,Discontinued,Bolero,Petrol,,,https://imgd.aeplcdn.com/664x374/n/cw/ec/131179/bolero-exterior-right-front-three-quarter-2.jpeg,https://imgd.aeplcdn.com/0x0/cw/makes/mahindra.webp
Mahindra,Bolero Neo [2022-2025],2022,Discontinued,Bolero Neo,Petrol,,,https://imgd.aeplcdn.com/664x374/n/cw/ec/131181/bolero-neo-exterior-right-front-three-quarter-2.jpeg,https://imgd.aeplcdn.com/0x0/cw/makes/mahindra.webp
Mahindra,Bolero Neo [2021-2022],2021,Discontinued,Bolero Neo,Petrol,,,https://imgd.aeplcdn.com/664x374/n/cw/ec/97853/bolero-neo-exterior-right-front-three-quarter-7.jpeg,https://imgd.aeplcdn.com/0x0/cw/makes/mahindra.webp
Mahindra,Bolero [2020-2022],2020,Discontinued,Bolero,Petrol,,,https://imgd.aeplcdn.com/664x374/n/cw/ec/45933/bolero-exterior-right-front-three-quarter-3.jpeg,https://imgd.aeplcdn.com/0x0/cw/makes/mahindra.webp
Mahindra,XUV500,2018,Discontinued,XUV500,Petrol,,,https://imgd.aeplcdn.com/664x374/n/cw/ec/34024/xuv500-exterior-right-front-three-quarter-3.jpeg,https://imgd.aeplcdn.com/0x0/cw/makes/mahindra.webp
Mahindra,Scorpio 2021,2017,Discontinued,Scorpio 2021,Petrol,,,https://imgd.aeplcdn.com/664x374/n/cw/ec/31883/scorpio-exterior-right-front-three-quarter-2.jpeg,https://imgd.aeplcdn.com/0x0/cw/makes/mahindra.webp
Mahindra,XEV 7e,2026,Discontinued,XEV 7e,Electric,,,https://imgd.aeplcdn.com/664x374/n/cw/ec/131955/xuve8-exterior-right-front-three-quarter.jpeg,https://imgd.aeplcdn.com/0x0/cw/makes/mahindra.webp
Mahindra,XUV300 [2019-2024],2019,Discontinued,XUV300,Petrol,,,https://imgd.aeplcdn.com/664x374/n/cw/ec/26918/xuv300-exterior-right-front-three-quarter-148709.jpeg,https://imgd.aeplcdn.com/0x0/cw/makes/mahindra.webp
Mahindra,e2o PLUS,2016,Discontinued,e2o PLUS,Electric,,,https://imgd.aeplcdn.com/664x374/cw/ec/25867/Mahindra-e2o-Plus-Right-Front-Three-Quarter-84855.jpg,https://imgd.aeplcdn.com/0x0/cw/makes/mahindra.webp
Mahindra,Alturas G4,2018,Discontinued,Alturas G4,Petrol,,,https://imgd.aeplcdn.com/664x374/n/cw/ec/33266/alturas-g4-exterior-right-front-three-quarter-2.jpeg,https://imgd.aeplcdn.com/0x0/cw/makes/mahindra.webp
Mahindra,TUV300,2019,Discontinued,TUV300,Petrol,,,https://imgd.aeplcdn.com/664x374/cw/ec/39470/Mahindra-TUV300-Right-Front-Three-Quarter-155763.jpg,https://imgd.aeplcdn.com/0x0/cw/makes/mahindra.webp
Mahindra,XUV300 TurboSport,2022,Discontinued,XUV300 TurboSport,Petrol,,,https://imgd.aeplcdn.com/664x374/n/cw/ec/131907/xuv300-turbosport-exterior-right-front-three-quarter-9.jpeg,https://imgd.aeplcdn.com/0x0/cw/makes/mahindra.webp
Mahindra,KUV100 NXT,2017,Discontinued,KUV100 NXT,Petrol,,,https://imgd.aeplcdn.com/664x374/n/cw/ec/21497/kuv100-nxt-exterior-right-front-three-quarter-64047.jpeg,https://imgd.aeplcdn.com/0x0/cw/makes/mahindra.webp
Mahindra,Xylo,2014,Discontinued,Xylo,Petrol,,,https://imgd.aeplcdn.com/664x374/cw/ec/31432/Mahindra-Xylo-Exterior-109406.jpg,https://imgd.aeplcdn.com/0x0/cw/makes/mahindra.webp
Mahindra,Thar [2014-2020],2012,Discontinued,Thar,Petrol,,,https://imgd.aeplcdn.com/664x374/ec/44/CF/18024/img/m/Mahindra-Thar-Right-Front-Three-Quarter-49024_ol.jpg,https://imgd.aeplcdn.com/0x0/cw/makes/mahindra.webp
Mahindra,Bolero [2011-2020],2011,Discontinued,Bolero,Petrol,,,https://imgd.aeplcdn.com/664x374/cw/ec/10472/Mahindra-Bolero-Right-Front-Three-Quarter-80015.jpg,https://imgd.aeplcdn.com/0x0/cw/makes/mahindra.webp
Mahindra,Scorpio Getaway,2014,Discontinued,Scorpio Getaway,Petrol,,,https://imgd.aeplcdn.com/664x374/ec/ae/93/19049/img/m/Mahindra-Scorpio-Getaway-Right-Front-Three-Quarter-52933_ol.jpg,https://imgd.aeplcdn.com/0x0/cw/makes/mahindra.webp
Mahindra,Scorpio [2014-2017],2014,Discontinued,Scorpio,Petrol,,,https://imgd.aeplcdn.com/664x374/cw/cars/mahindra/scorpio.jpg,https://imgd.aeplcdn.com/0x0/cw/makes/mahindra.webp
Mahindra,Verito,2012,Discontinued,Verito,Petrol,,,https://imgd.aeplcdn.com/664x374/ec/cc/75/10473/img/m/Mahindra-Verito-Right-Front-Three-Quarter-49185_ol.jpg,https://imgd.aeplcdn.com/0x0/cw/makes/mahindra.webp
Mahindra,eKUV100,2024,Discontinued,eKUV100,Electric,,,https://imgd.aeplcdn.com/664x374/cw/ec/33261/Mahindra-eKUV100-Exterior-170053.jpg,https://imgd.aeplcdn.com/0x0/cw/makes/mahindra.webp
Mahindra,XUV500 [2011-2015],2011,Discontinued,XUV500,Petrol,,,https://imgd.aeplcdn.com/664x374/cw/cars/discontinued/mahindra/xuv500-2011-2015.jpg,https://imgd.aeplcdn.com/0x0/cw/makes/mahindra.webp
Mahindra,XUV500 [2015-2018],2015,Discontinued,XUV500,Petrol,,,https://imgd.aeplcdn.com/664x374/cw/ec/18784/Mahindra-XUV500-Right-Front-Three-Quarter-95199.jpg,https://imgd.aeplcdn.com/0x0/cw/makes/mahindra.webp
Mahindra,Scorpio [2009-2014],2009,Discontinued,Scorpio,Petrol,,,https://imgd.aeplcdn.com/664x374/cw/cars/discontinued/mahindra/scorpio-2009-2014.jpg,https://imgd.aeplcdn.com/0x0/cw/makes/mahindra.webp
Mahindra,Quanto [2012-2016],2012,Discontinued,Quanto,Petrol,,,https://imgd.aeplcdn.com/664x374/cw/cars/mahindra/quanto.jpg,https://imgd.aeplcdn.com/0x0/cw/makes/mahindra.webp
Mahindra,Marazzo [2018-2020],2018,Discontinued,Marazzo,Petrol,,,https://imgd.aeplcdn.com/664x374/n/cw/ec/26944/marazzo-2018-2020-exterior-right-front-three-quarter-2.jpeg,https://imgd.aeplcdn.com/0x0/cw/makes/mahindra.webp
Mahindra,NuvoSport,2016,Discontinued,NuvoSport,Petrol,,,https://imgd.aeplcdn.com/664x374/cw/ec/22722/Mahindra-NuvoSport-Right-Front-Three-Quarter-70408.jpg,https://imgd.aeplcdn.com/0x0/cw/makes/mahindra.webp
Mahindra,Bolero [2007-2011],2007,Discontinued,Bolero,Petrol,,,https://imgd.aeplcdn.com/664x374/cw/cars/discontinued/mahindra/bolero-2007-2011.jpg,https://imgd.aeplcdn.com/0x0/cw/makes/mahindra.webp
Mahindra,TUV300 [2015-2019],2015,Discontinued,TUV300,Petrol,,,https://imgd.aeplcdn.com/664x374/cw/ec/19781/Mahindra-TUV300-Exterior-114026.jpg,https://imgd.aeplcdn.com/0x0/cw/makes/mahindra.webp
Mahindra,Scorpio [2006-2009],2006,Discontinued,Scorpio,Petrol,,,https://imgd.aeplcdn.com/664x374/cw/cars/discontinued/mahindra/scorpio-2006-2009.jpg,https://imgd.aeplcdn.com/0x0/cw/makes/mahindra.webp
Mahindra,KUV100 [2016-2017],2016,Discontinued,KUV100,Petrol,,,https://imgd.aeplcdn.com/664x374/cw/ec/31367/Mahindra-KUV100-Exterior-109230.jpg,https://imgd.aeplcdn.com/0x0/cw/makes/mahindra.webp
Mahindra,Verito Vibe CS,2013,Discontinued,Verito Vibe CS,Petrol,,,https://imgd.aeplcdn.com/664x374/n/cw/ec/10593/mahindra-veritovibecs-exterior12.jpeg,https://imgd.aeplcdn.com/0x0/cw/makes/mahindra.webp
Mahindra,Xylo [2009-2012],2009,Discontinued,Xylo,Petrol,,,https://imgd.aeplcdn.com/664x374/cw/cars/discontinued/mahindra/xylo-2009-2012.jpg,https://imgd.aeplcdn.com/0x0/cw/makes/mahindra.webp
Mahindra,Xylo [2012-2014],2012,Discontinued,Xylo,Petrol,,,https://imgd.aeplcdn.com/664x374/cw/cars/discontinued/mahindra/xylo-2012-2014.jpg,https://imgd.aeplcdn.com/0x0/cw/makes/mahindra.webp
Mahindra,Verito [2011-2012],2011,Discontinued,Verito,Petrol,,,https://imgd.aeplcdn.com/664x374/cw/cars/discontinued/mahindra/verito-2011-2012.jpg,https://imgd.aeplcdn.com/0x0/cw/makes/mahindra.webp
Mahindra,Bolero [2000-2007],2000,Discontinued,Bolero,Petrol,,,https://imgd.aeplcdn.com/664x374/cw/cars/discontinued/mahindra/bolero-2000-2007.jpg,https://imgd.aeplcdn.com/0x0/cw/makes/mahindra.webp
Mahindra,e2o [2014-2016],2014,Discontinued,e2o,Electric,,,https://imgd.aeplcdn.com/664x374/cw/cars/mahindra/e2o.jpg,https://imgd.aeplcdn.com/0x0/cw/makes/mahindra.webp
Mahindra,Scorpio [2002-2006],2002,Discontinued,Scorpio,Petrol,,,https://imgd.aeplcdn.com/664x374/cw/cars/discontinued/mahindra/scorpio-2002-2006.jpg,https://imgd.aeplcdn.com/0x0/cw/makes/mahindra.webp
Mahindra,Scorpio facelift,2025,Discontinued,Scorpio facelift,Petrol,,,https://imgd.aeplcdn.com/664x374/n/cw/ec/210251/scorpio-facelift-exterior-right-side-view.avif,https://imgd.aeplcdn.com/0x0/cw/makes/mahindra.webp
Mahindra,XUV 3XO,2024,Active,XUV 3XO,Petrol,,,https://imgd.aeplcdn.com/664x374/n/cw/ec/156405/xuv-3xo-exterior-right-front-three-quarter-33.png,https://imgd.aeplcdn.com/0x0/cw/makes/mahindra.webp
Mahindra,Scorpio N,2022,Active,Scorpio N,Petrol,,,https://imgd.aeplcdn.com/664x374/n/cw/ec/40432/scorpio-n-exterior-right-front-three-quarter-4.png,https://imgd.aeplcdn.com/0x0/cw/makes/mahindra.webp
Mahindra,XUV 7XO,2026,Active,XUV 7XO,Petrol,,,https://imgd.aeplcdn.com/664x374/n/cw/ec/205104/xuv-7xo-exterior-right-front-three-quarter-3.jpeg,https://imgd.aeplcdn.com/0x0/cw/makes/mahindra.webp
Mahindra,Thar Roxx,2024,Active,Thar Roxx,Petrol,,,https://imgd.aeplcdn.com/664x374/n/cw/ec/124839/thar-roxx-exterior-right-front-three-quarter-2.png,https://imgd.aeplcdn.com/0x0/cw/makes/mahindra.webp
Mahindra,Thar,2025,Active,Thar,Petrol,,,https://imgd.aeplcdn.com/664x374/n/cw/ec/204996/thar-2025-exterior-right-front-three-quarter-5.png,https://imgd.aeplcdn.com/0x0/cw/makes/mahindra.webp
Mahindra,Scorpio,2022,Active,Scorpio,Petrol,,,https://imgd.aeplcdn.com/664x374/n/cw/ec/128413/scorpio-exterior-right-front-three-quarter-2.png,https://imgd.aeplcdn.com/0x0/cw/makes/mahindra.webp
Mahindra,BE 6,2024,Active,BE 6,Electric,,,https://imgd.aeplcdn.com/664x374/n/cw/ec/131825/be-6-exterior-right-front-three-quarter-6.png,https://imgd.aeplcdn.com/0x0/cw/makes/mahindra.webp
Mahindra,Bolero,2025,Active,Bolero,Petrol,,,https://imgd.aeplcdn.com/664x374/n/cw/ec/210987/bolero-exterior-right-front-three-quarter-3.png,https://imgd.aeplcdn.com/0x0/cw/makes/mahindra.webp
Mahindra,Bolero Neo,2025,Active,Bolero Neo,Petrol,,,https://imgd.aeplcdn.com/664x374/n/cw/ec/210989/bolero-neo-exterior-right-front-three-quarter-3.png,https://imgd.aeplcdn.com/0x0/cw/makes/mahindra.webp
Mahindra,XEV 9S,2025,Active,XEV 9S,Electric,,,https://imgd.aeplcdn.com/664x374/n/cw/ec/212003/xev9s-exterior-right-front-three-quarter-11.png,https://imgd.aeplcdn.com/0x0/cw/makes/mahindra.webp
Mahindra,XEV 9e,2024,Active,XEV 9e,Electric,,,https://imgd.aeplcdn.com/664x374/n/cw/ec/130595/xev-9e-exterior-right-front-three-quarter-2.png,https://imgd.aeplcdn.com/0x0/cw/makes/mahindra.webp
Mahindra,XUV 3XO EV,2026,Active,XUV 3XO EV,Electric,,,https://imgd.aeplcdn.com/664x374/n/cw/ec/184409/xuv-3xo-ev-exterior-right-front-three-quarter-3.png,https://imgd.aeplcdn.com/0x0/cw/makes/mahindra.webp
Mahindra,BE 6 FE,2025,Active,BE 6 FE,Electric,,,https://imgd.aeplcdn.com/664x374/n/cw/ec/216225/fe-exterior-right-front-three-quarter.png,https://imgd.aeplcdn.com/0x0/cw/makes/mahindra.webp
Mahindra,Bolero Neo Plus,2024,Active,Bolero Neo Plus,Petrol,,,https://imgd.aeplcdn.com/664x374/n/cw/ec/123643/bolero-neo-plus-exterior-right-front-three-quarter-3.png,https://imgd.aeplcdn.com/0x0/cw/makes/mahindra.webp
Mahindra,XUV400,2023,Active,XUV400,Electric,,,https://imgd.aeplcdn.com/664x374/n/cw/ec/45278/xuv400-exterior-right-front-three-quarter-8.png,https://imgd.aeplcdn.com/0x0/cw/makes/mahindra.webp
Mahindra,Marazzo,2020,Active,Marazzo,Petrol,,,https://imgd.aeplcdn.com/664x374/n/cw/ec/49114/marazzo-exterior-right-front-three-quarter-2.png,https://imgd.aeplcdn.com/0x0/cw/makes/mahindra.webp
Mahindra,Bolero 2026,2026,Upcoming,Bolero 2026,Petrol,,,https://imgd.aeplcdn.com/664x374/n/cw/ec/204404/new-bolero-exterior-left-front-three-quarter-9.jpeg,https://imgd.aeplcdn.com/0x0/cw/makes/mahindra.webp
Mahindra,Scorpio N Facelift,2026,Upcoming,Scorpio N Facelift,Petrol,,,https://imgd.aeplcdn.com/664x374/n/cw/ec/214461/scorpio-n-facelift-exterior-right-side-view-2.avif,https://imgd.aeplcdn.com/0x0/cw/makes/mahindra.webp
Mahindra,Vision S Sub Compact SUV,2026,Upcoming,Vision S Sub Compact SUV,Petrol,,,https://imgd.aeplcdn.com/664x374/n/cw/ec/208724/vision-s-sub-4metre-suv-exterior-left-front-three-quarter.png,https://imgd.aeplcdn.com/0x0/cw/makes/mahindra.webp
Mahindra,Thar.e,2026,Upcoming,Thar.e,Electric,,,https://imgd.aeplcdn.com/664x374/n/cw/ec/154685/thare-exterior-right-front-three-quarter.jpeg,https://imgd.aeplcdn.com/0x0/cw/makes/mahindra.webp
Mahindra,Vision S Compact SUV,2027,Upcoming,Vision S Compact SUV,Petrol,,,https://imgd.aeplcdn.com/664x374/n/cw/ec/208688/vision-s-compact-suv-exterior-right-front-three-quarter-2.avif,https://imgd.aeplcdn.com/0x0/cw/makes/mahindra.webp
Mahindra,Vision X Compact SUV,2026,Upcoming,Vision X Compact SUV,Petrol,,,https://imgd.aeplcdn.com/664x374/n/cw/ec/208686/vision-x-exterior-right-front-three-quarter.jpeg,https://imgd.aeplcdn.com/0x0/cw/makes/mahindra.webp
Mahindra,BE.09,2027,Upcoming,BE.09,Electric,,,https://imgd.aeplcdn.com/664x374/n/cw/ec/131799/be09-exterior-front-view.jpeg,https://imgd.aeplcdn.com/0x0/cw/makes/mahindra.webp
Mahindra,Global Pik Up,2026,Upcoming,Global Pik Up,Petrol,,,https://imgd.aeplcdn.com/664x374/n/cw/ec/154867/scorpio-n-pick-up-exterior-right-front-three-quarter.jpeg,https://imgd.aeplcdn.com/0x0/cw/makes/mahindra.webp
Mahindra,Vision T,2028,Upcoming,Vision T,Petrol,,,https://imgd.aeplcdn.com/664x374/n/cw/ec/208682/vision-t-exterior-left-front-three-quarter-4.png,https://imgd.aeplcdn.com/0x0/cw/makes/mahindra.webp
Mahindra,BE.07,2026,Upcoming,BE.07,Electric,,,https://imgd.aeplcdn.com/664x374/n/cw/ec/131807/be07-exterior-right-front-three-quarter.jpeg,https://imgd.aeplcdn.com/0x0/cw/makes/mahindra.webp
Mahindra,Vision X Sub Compact SUV,2027,Upcoming,Vision X Sub Compact SUV,Petrol,,,https://imgd.aeplcdn.com/664x374/n/cw/ec/208728/vision-x-sub-4-metre-suv-exterior-left-side-view.png,https://imgd.aeplcdn.com/0x0/cw/makes/mahindra.webp
Mahindra,Vision SXT,2028,Upcoming,Vision SXT,Petrol,,,https://imgd.aeplcdn.com/664x374/n/cw/ec/208684/sxt-exterior-right-front-three-quarter-2.jpeg,https://imgd.aeplcdn.com/0x0/cw/makes/mahindra.webp
Maruti Suzuki,Swift [2018-2021],2018,Discontinued,Swift,Petrol,,,https://imgd.aeplcdn.com/664x374/n/cw/ec/26742/swift-exterior-right-front-three-quarter-2.jpeg,https://imgd.aeplcdn.com/0x0/cw/makes/maruti-suzuki.webp
Maruti Suzuki,Baleno [2019-2022],2019,Discontinued,Baleno,Petrol,,,https://imgd.aeplcdn.com/664x374/cw/ec/37710/Maruti-Suzuki-Baleno-Right-Front-Three-Quarter-147420.jpg,https://imgd.aeplcdn.com/0x0/cw/makes/maruti-suzuki.webp
Maruti Suzuki,Ertiga [2018-2022],2018,Discontinued,Ertiga,Petrol,,,https://imgd.aeplcdn.com/664x374/n/cw/ec/35211/ertiga-exterior-right-front-three-quarter-141879.jpeg,https://imgd.aeplcdn.com/0x0/cw/makes/maruti-suzuki.webp
Maruti Suzuki,Wagon R [2019-2022],2019,Discontinued,Wagon R,Petrol,,,https://imgd.aeplcdn.com/664x374/n/cw/ec/34467/wagonr-exterior-right-front-three-quarter-3.jpeg,https://imgd.aeplcdn.com/0x0/cw/makes/maruti-suzuki.webp
Maruti Suzuki,Vitara Brezza [2020-2022],2020,Discontinued,Vitara Brezza,Petrol,,,https://imgd.aeplcdn.com/664x374/n/cw/ec/39028/marutisuzuki-vitara-brezza-right-front-three-quarter3.jpeg,https://imgd.aeplcdn.com/0x0/cw/makes/maruti-suzuki.webp
Maruti Suzuki,Celerio [2017-2021],2017,Discontinued,Celerio,Petrol,,,https://imgd.aeplcdn.com/664x374/n/cw/ec/31314/celerio-exterior-right-front-three-quarter-2.jpeg,https://imgd.aeplcdn.com/0x0/cw/makes/maruti-suzuki.webp
Maruti Suzuki,Ignis [2020-2023],2020,Discontinued,Ignis,Petrol,,,https://imgd.aeplcdn.com/664x374/n/cw/ec/44409/marutisuzuki-ignis-right-front-three-quarter3.jpeg,https://imgd.aeplcdn.com/0x0/cw/makes/maruti-suzuki.webp
Maruti Suzuki,S-Presso [2019-2022],2019,Discontinued,S-Presso,Petrol,,,https://imgd.aeplcdn.com/664x374/n/cw/ec/40726/s-presso-exterior-right-front-three-quarter-171853.jpeg,https://imgd.aeplcdn.com/0x0/cw/makes/maruti-suzuki.webp
Maruti Suzuki,XL6 [2019-2022],2019,Discontinued,XL6,Petrol,,,https://imgd.aeplcdn.com/664x374/cw/ec/41043/Maruti-Suzuki-XL6-Exterior-165499.jpg,https://imgd.aeplcdn.com/0x0/cw/makes/maruti-suzuki.webp
Maruti Suzuki,Eeco [2010-2022],2010,Discontinued,Eeco,Petrol,,,https://imgd.aeplcdn.com/664x374/n/cw/ec/9710/eeco-exterior-right-front-three-quarter-14.jpeg,https://imgd.aeplcdn.com/0x0/cw/makes/maruti-suzuki.webp
Maruti Suzuki,Alto 800,2019,Discontinued,Alto 800,Petrol,,,https://imgd.aeplcdn.com/664x374/cw/ec/39013/Maruti-Suzuki-Alto-Right-Front-Three-Quarter-154833.jpg,https://imgd.aeplcdn.com/0x0/cw/makes/maruti-suzuki.webp
Maruti Suzuki,Swift [2021-2024],2021,Discontinued,Swift,Petrol,,,https://imgd.aeplcdn.com/664x374/n/cw/ec/54399/swift-exterior-right-front-three-quarter-64.jpeg,https://imgd.aeplcdn.com/0x0/cw/makes/maruti-suzuki.webp
Maruti Suzuki,Dzire [2020-2024],2020,Discontinued,Dzire,Petrol,,,https://imgd.aeplcdn.com/664x374/n/cw/ec/45691/dzire-exterior-right-front-three-quarter-3.jpeg,https://imgd.aeplcdn.com/0x0/cw/makes/maruti-suzuki.webp
Maruti Suzuki,Celerio X,2017,Discontinued,Celerio X,Petrol,,,https://imgd.aeplcdn.com/664x374/cw/ec/31393/Maruti-Suzuki-Celerio-X-Right-Front-Three-Quarter-153971.jpg,https://imgd.aeplcdn.com/0x0/cw/makes/maruti-suzuki.webp
Maruti Suzuki,Alto K10 [2014-2020],2014,Discontinued,Alto K10,Petrol,,,https://imgd.aeplcdn.com/664x374/ec/54/EB/14494/img/m/Maruti-Suzuki-Alto-K10-Right-Front-Three-Quarter-48397_ol.jpg,https://imgd.aeplcdn.com/0x0/cw/makes/maruti-suzuki.webp
Maruti Suzuki,Omni,2014,Discontinued,Omni,Petrol,,,https://imgd.aeplcdn.com/664x374/ec/9f/C9/10723/img/m/Maruti-Suzuki-Omni-Right-Front-Three-Quarter-48395_ol.jpg,https://imgd.aeplcdn.com/0x0/cw/makes/maruti-suzuki.webp
Maruti Suzuki,S-Cross 2020,2020,Discontinued,S-Cross 2020,Petrol,,,https://imgd.aeplcdn.com/664x374/n/cw/ec/46482/s-cross-petrol-exterior-right-front-three-quarter.jpeg,https://imgd.aeplcdn.com/0x0/cw/makes/maruti-suzuki.webp
Maruti Suzuki,Dzire [2017-2020],2017,Discontinued,Dzire,Petrol,,,https://imgd.aeplcdn.com/664x374/cw/ec/26860/Maruti-Suzuki-Dzire-Exterior-118637.jpg,https://imgd.aeplcdn.com/0x0/cw/makes/maruti-suzuki.webp
Maruti Suzuki,Vitara Brezza [2016-2020],2016,Discontinued,Vitara Brezza,Petrol,,,https://imgd.aeplcdn.com/664x374/cw/ec/21609/Maruti-Suzuki-Vitara-Brezza-Right-Front-Three-Quarter-118639.jpg,https://imgd.aeplcdn.com/0x0/cw/makes/maruti-suzuki.webp
Maruti Suzuki,S Cross,2024,Discontinued,S Cross,Petrol,,,https://imgd.aeplcdn.com/664x374/n/cw/ec/108351/s-cross-exterior-left-rear-three-quarter-2.jpeg,https://imgd.aeplcdn.com/0x0/cw/makes/maruti-suzuki.webp
Maruti Suzuki,Gypsy,2010,Discontinued,Gypsy,Petrol,,,https://imgd.aeplcdn.com/664x374/ec/26/0E/17998/img/m/Maruti-Suzuki-Gypsy-Right-Front-Three-Quarter-48817_ol.jpg,https://imgd.aeplcdn.com/0x0/cw/makes/maruti-suzuki.webp
Maruti Suzuki,Ritz,2013,Discontinued,Ritz,Petrol,,,https://imgd.aeplcdn.com/664x374/cw/cars/maruti-suzuki/ritz.jpg,https://imgd.aeplcdn.com/0x0/cw/makes/maruti-suzuki.webp
Maruti Suzuki,Alto 800 [2016-2019],2016,Discontinued,Alto 800,Petrol,,,https://imgd.aeplcdn.com/664x374/cw/ec/23445/Maruti-Suzuki-Alto-800-Right-Front-Three-Quarter-72869.jpg,https://imgd.aeplcdn.com/0x0/cw/makes/maruti-suzuki.webp
Maruti Suzuki,Swift Dzire [2015-2017],2015,Discontinued,Swift Dzire,Petrol,,,https://imgd.aeplcdn.com/664x374/cw/cars/maruti-suzuki/swift-dzire.jpg,https://imgd.aeplcdn.com/0x0/cw/makes/maruti-suzuki.webp
Maruti Suzuki,Baleno [2015-2019],2015,Discontinued,Baleno,Petrol,,,https://imgd.aeplcdn.com/664x374/cw/ec/21723/Maruti-Suzuki-Baleno-Right-Front-Three-Quarter-147250.jpg,https://imgd.aeplcdn.com/0x0/cw/makes/maruti-suzuki.webp
Maruti Suzuki,Swift [2014-2018],2014,Discontinued,Swift,Petrol,,,https://imgd.aeplcdn.com/664x374/cw/cars/maruti-suzuki/swift.jpg,https://imgd.aeplcdn.com/0x0/cw/makes/maruti-suzuki.webp
Maruti Suzuki,Futuro-E,2024,Discontinued,Futuro-E,Electric,,,https://imgd.aeplcdn.com/664x374/n/cw/ec/44736/marutisuzuki-futuro-e-exterior3.jpeg,https://imgd.aeplcdn.com/0x0/cw/makes/maruti-suzuki.webp
Maruti Suzuki,A-Star,2012,Discontinued,A-Star,Petrol,,,https://imgd.aeplcdn.com/664x374/cw/cars/discontinued/maruti-suzuki/a-star-2012-2014.jpg,https://imgd.aeplcdn.com/0x0/cw/makes/maruti-suzuki.webp
Maruti Suzuki,Wagon R 1.0 [2014-2019],2014,Discontinued,Wagon R 1.0,Petrol,,,https://imgd.aeplcdn.com/664x374/cw/ec/9709/Maruti-Suzuki-Wagon-R-10-Exterior-137002.jpg,https://imgd.aeplcdn.com/0x0/cw/makes/maruti-suzuki.webp
Maruti Suzuki,Ignis [2019-2020],2019,Discontinued,Ignis,Petrol,,,https://imgd.aeplcdn.com/664x374/cw/ec/38611/Maruti-Suzuki-Ignis-Right-Front-Three-Quarter-149591.jpg,https://imgd.aeplcdn.com/0x0/cw/makes/maruti-suzuki.webp
Maruti Suzuki,SX4,2013,Discontinued,SX4,Petrol,,,https://imgd.aeplcdn.com/664x374/cw/cars/discontinued/maruti-suzuki/sx4-2013-2015.jpg,https://imgd.aeplcdn.com/0x0/cw/makes/maruti-suzuki.webp
Maruti Suzuki,Ertiga [2015-2018],2015,Discontinued,Ertiga,Petrol,,,https://imgd.aeplcdn.com/664x374/cw/ec/20477/Maruti-Suzuki-Ertiga-Exterior-118751.jpg,https://imgd.aeplcdn.com/0x0/cw/makes/maruti-suzuki.webp
Maruti Suzuki,Estilo,2009,Discontinued,Estilo,Petrol,,,https://imgd.aeplcdn.com/664x374/cw/cars/discontinued/maruti-suzuki/estilo-2009-2014.jpg,https://imgd.aeplcdn.com/0x0/cw/makes/maruti-suzuki.webp
Maruti Suzuki,Alto 800 [2012-2016],2012,Discontinued,Alto 800,Petrol,,,https://imgd.aeplcdn.com/664x374/cw/ec/9706/Maruti-Suzuki-Alto-800-Right-Front-Three-Quarter-72140.jpg,https://imgd.aeplcdn.com/0x0/cw/makes/maruti-suzuki.webp
Maruti Suzuki,S-Cross [2017-2020],2017,Discontinued,S-Cross,Petrol,,,https://imgd.aeplcdn.com/664x374/cw/ec/28290/Maruti-Suzuki-SCross-Exterior-109121.jpg,https://imgd.aeplcdn.com/0x0/cw/makes/maruti-suzuki.webp
Maruti Suzuki,Swift  [2005-2010],2005,Discontinued,Swift,Petrol,,,https://imgd.aeplcdn.com/664x374/cw/cars/discontinued/maruti-suzuki/swift-2005-2010.jpg,https://imgd.aeplcdn.com/0x0/cw/makes/maruti-suzuki.webp
Maruti Suzuki,Wagon R [2006-2010],2006,Discontinued,Wagon R,Petrol,,,https://imgd.aeplcdn.com/664x374/cw/cars/discontinued/maruti-suzuki/wagon-r-2006-2010.jpg,https://imgd.aeplcdn.com/0x0/cw/makes/maruti-suzuki.webp
Maruti Suzuki,Alto K10 [2010-2014],2010,Discontinued,Alto K10,Petrol,,,https://imgd.aeplcdn.com/664x374/cw/cars/discontinued/maruti-suzuki/alto-k10-2010-2014.jpg,https://imgd.aeplcdn.com/0x0/cw/makes/maruti-suzuki.webp
Maruti Suzuki,800 [2008-2014],2008,Discontinued,800,Petrol,,,https://imgd.aeplcdn.com/664x374/cw/cars/discontinued/maruti-suzuki/800-2008-2014.jpg,https://imgd.aeplcdn.com/0x0/cw/makes/maruti-suzuki.webp
Maruti Suzuki,Swift  [2010-2011],2010,Discontinued,Swift,Petrol,,,https://imgd.aeplcdn.com/664x374/cw/cars/discontinued/maruti-suzuki/swift-2010-2011.jpg,https://imgd.aeplcdn.com/0x0/cw/makes/maruti-suzuki.webp
Maruti Suzuki,Celerio [2014-2017],2014,Discontinued,Celerio,Petrol,,,https://imgd.aeplcdn.com/664x374/cw/cars/maruti-suzuki/celerio.jpg,https://imgd.aeplcdn.com/0x0/cw/makes/maruti-suzuki.webp
Maruti Suzuki,Swift Dzire [2010-2011],2010,Discontinued,Swift Dzire,Petrol,,,https://imgd.aeplcdn.com/664x374/cw/cars/discontinued/maruti-suzuki/swift-dzire-2010-2011.jpg,https://imgd.aeplcdn.com/0x0/cw/makes/maruti-suzuki.webp
Maruti Suzuki,Swift [2011-2014],2011,Discontinued,Swift,Petrol,,,https://imgd.aeplcdn.com/664x374/cw/cars/discontinued/maruti-suzuki/swift-2011-2014.jpg,https://imgd.aeplcdn.com/0x0/cw/makes/maruti-suzuki.webp
Maruti Suzuki,Swift DZire [2011-2015],2011,Discontinued,Swift DZire,Petrol,,,https://imgd.aeplcdn.com/664x374/cw/cars/discontinued/maruti-suzuki/swift-dzire-2011-2015.jpg,https://imgd.aeplcdn.com/0x0/cw/makes/maruti-suzuki.webp
Maruti Suzuki,Ciaz [2014-2017],2014,Discontinued,Ciaz,Petrol,,,https://imgd.aeplcdn.com/664x374/cw/cars/maruti-suzuki/ciaz.jpg,https://imgd.aeplcdn.com/0x0/cw/makes/maruti-suzuki.webp
Maruti Suzuki,Zen,2003,Discontinued,Zen,Petrol,,,https://imgd.aeplcdn.com/664x374/cw/cars/discontinued/maruti-suzuki/zen-2003-2006.jpg,https://imgd.aeplcdn.com/0x0/cw/makes/maruti-suzuki.webp
Maruti Suzuki,S-Cross [2014-2017],2015,Discontinued,S-Cross,Petrol,,,https://imgd.aeplcdn.com/664x374/cw/cars/maruti-suzuki/s-cross.jpg,https://imgd.aeplcdn.com/0x0/cw/makes/maruti-suzuki.webp
Maruti Suzuki,Esteem,2004,Discontinued,Esteem,Petrol,,,https://imgd.aeplcdn.com/664x374/cw/cars/discontinued/maruti-suzuki/esteem-2004-2008.jpg,https://imgd.aeplcdn.com/0x0/cw/makes/maruti-suzuki.webp
Maruti Suzuki,Ignis [2017-2019],2017,Discontinued,Ignis,Petrol,,,https://imgd.aeplcdn.com/664x374/cw/ec/21716/Maruti-Suzuki-Ignis-Right-Front-Three-Quarter-87860.jpg,https://imgd.aeplcdn.com/0x0/cw/makes/maruti-suzuki.webp
Maruti Suzuki,Alto [2005-2010],2005,Discontinued,Alto,Petrol,,,https://imgd.aeplcdn.com/664x374/cw/cars/discontinued/maruti-suzuki/alto-2005-2010.jpg,https://imgd.aeplcdn.com/0x0/cw/makes/maruti-suzuki.webp
Maruti Suzuki,800 [2000-2008],2000,Discontinued,800,Petrol,,,https://imgd.aeplcdn.com/664x374/cw/cars/discontinued/maruti-suzuki/800-2000-2008.jpg,https://imgd.aeplcdn.com/0x0/cw/makes/maruti-suzuki.webp
Maruti Suzuki,Swift Dzire [2008-2010],2008,Discontinued,Swift Dzire,Petrol,,,https://imgd.aeplcdn.com/664x374/cw/cars/discontinued/maruti-suzuki/swift-dzire-2008-2010.jpg,https://imgd.aeplcdn.com/0x0/cw/makes/maruti-suzuki.webp
Maruti Suzuki,Ritz [2009-2012],2009,Discontinued,Ritz,Petrol,,,https://imgd.aeplcdn.com/664x374/cw/cars/discontinued/maruti-suzuki/ritz-2009-2012.jpg,https://imgd.aeplcdn.com/0x0/cw/makes/maruti-suzuki.webp
Maruti Suzuki,Ertiga [2012-2015],2012,Discontinued,Ertiga,Petrol,,,https://imgd.aeplcdn.com/664x374/cw/cars/maruti-suzuki/ertiga.jpg,https://imgd.aeplcdn.com/0x0/cw/makes/maruti-suzuki.webp
Maruti Suzuki,Grand Vitara [2009-2015],2009,Discontinued,Grand Vitara,Petrol,,,https://imgd.aeplcdn.com/664x374/cw/cars/discontinued/maruti-suzuki/grand-vitara-2009-2015.jpg,https://imgd.aeplcdn.com/0x0/cw/makes/maruti-suzuki.webp
Maruti Suzuki,Versa,2001,Discontinued,Versa,Petrol,,,https://imgd.aeplcdn.com/664x374/cw/cars/discontinued/maruti-suzuki/versa.jpg,https://imgd.aeplcdn.com/0x0/cw/makes/maruti-suzuki.webp
Maruti Suzuki,Stingray,2013,Discontinued,Stingray,Petrol,,,https://imgd.aeplcdn.com/664x374/cw/cars/maruti-suzuki/stingray.jpg,https://imgd.aeplcdn.com/0x0/cw/makes/maruti-suzuki.webp
Maruti Suzuki,Ciaz [2017-2018],2017,Discontinued,Ciaz,Petrol,,,https://imgd.aeplcdn.com/664x374/cw/ec/28475/Maruti-Suzuki-Ciaz-Right-Front-Three-Quarter-93815.jpg,https://imgd.aeplcdn.com/0x0/cw/makes/maruti-suzuki.webp
Maruti Suzuki,SX4 [2007-2013],2007,Discontinued,SX4,Petrol,,,https://imgd.aeplcdn.com/664x374/cw/cars/discontinued/maruti-suzuki/sx4-2007-2013.jpg,https://imgd.aeplcdn.com/0x0/cw/makes/maruti-suzuki.webp
Maruti Suzuki,Baleno [1999-2007],1999,Discontinued,Baleno,Petrol,,,https://imgd.aeplcdn.com/664x374/cw/cars/discontinued/maruti-suzuki/baleno.jpg,https://imgd.aeplcdn.com/0x0/cw/makes/maruti-suzuki.webp
Maruti Suzuki,Zen [1996-2003],1996,Discontinued,Zen,Petrol,,,https://imgd.aeplcdn.com/664x374/cw/cars/discontinued/maruti-suzuki/zen-1996-2003.jpg,https://imgd.aeplcdn.com/0x0/cw/makes/maruti-suzuki.webp
Maruti Suzuki,Kizashi,2011,Discontinued,Kizashi,Petrol,,,https://imgd.aeplcdn.com/664x374/cw/cars/discontinued/maruti-suzuki/kizashi-2011-2014.jpg,https://imgd.aeplcdn.com/0x0/cw/makes/maruti-suzuki.webp
Maruti Suzuki,A-Star [2008-2012],2008,Discontinued,A-Star,Petrol,,,https://imgd.aeplcdn.com/664x374/cw/cars/discontinued/maruti-suzuki/a-star-2008-2012.jpg,https://imgd.aeplcdn.com/0x0/cw/makes/maruti-suzuki.webp
Maruti Suzuki,Wagon R [1999-2006],1999,Discontinued,Wagon R,Petrol,,,https://imgd.aeplcdn.com/664x374/cw/cars/discontinued/maruti-suzuki/wagon-r-1999-2006.jpg,https://imgd.aeplcdn.com/0x0/cw/makes/maruti-suzuki.webp
Maruti Suzuki,800 [1984-1986],1984,Discontinued,800,Petrol,,,https://imgd.aeplcdn.com/664x374/cw/cars/discontinued/maruti-suzuki/800-1984-1986.jpg,https://imgd.aeplcdn.com/0x0/cw/makes/maruti-suzuki.webp
Maruti Suzuki,Estilo [2006-2009],2006,Discontinued,Estilo,Petrol,,,https://imgd.aeplcdn.com/664x374/cw/cars/discontinued/maruti-suzuki/estilo-2006-2009.jpg,https://imgd.aeplcdn.com/0x0/cw/makes/maruti-suzuki.webp
Maruti Suzuki,Esteem [1994-2002],1994,Discontinued,Esteem,Petrol,,,https://imgd.aeplcdn.com/664x374/cw/cars/discontinued/maruti-suzuki/esteem-1994-2002.jpg,https://imgd.aeplcdn.com/0x0/cw/makes/maruti-suzuki.webp
Maruti Suzuki,1000 [1990-2000],1990,Discontinued,1000,Petrol,,,https://imgd.aeplcdn.com/664x374/cw/cars/discontinued/maruti-suzuki/1000.jpg,https://imgd.aeplcdn.com/0x0/cw/makes/maruti-suzuki.webp
Maruti Suzuki,Gypsy [2000-2004],2000,Discontinued,Gypsy,Petrol,,,https://imgd.aeplcdn.com/664x374/cw/cars/discontinued/maruti-suzuki/gypsy-2000-2004.jpg,https://imgd.aeplcdn.com/0x0/cw/makes/maruti-suzuki.webp
Maruti Suzuki,Gypsy [2004-2010],2004,Discontinued,Gypsy,Petrol,,,https://imgd.aeplcdn.com/664x374/cw/cars/discontinued/maruti-suzuki/gypsy-2004-2010.jpg,https://imgd.aeplcdn.com/0x0/cw/makes/maruti-suzuki.webp
Maruti Suzuki,800 [1997-2000],1997,Discontinued,800,Petrol,,,https://imgd.aeplcdn.com/664x374/cw/cars/discontinued/maruti-suzuki/800-1997-2000.jpg,https://imgd.aeplcdn.com/0x0/cw/makes/maruti-suzuki.webp
Maruti Suzuki,Alto [2000-2005],2000,Discontinued,Alto,Petrol,,,https://imgd.aeplcdn.com/664x374/cw/cars/discontinued/maruti-suzuki/alto-2000-2005.jpg,https://imgd.aeplcdn.com/0x0/cw/makes/maruti-suzuki.webp
Maruti Suzuki,Grand Vitara [2003-2007],2003,Discontinued,Grand Vitara,Petrol,,,https://imgd.aeplcdn.com/664x374/cw/cars/discontinued/mahindra/grand-vitara-2003-2007.jpg,https://imgd.aeplcdn.com/0x0/cw/makes/maruti-suzuki.webp
Maruti Suzuki,800 [1986-1997],1986,Discontinued,800,Petrol,,,https://imgd.aeplcdn.com/664x374/cw/cars/discontinued/maruti-suzuki/800-1986-1997.jpg,https://imgd.aeplcdn.com/0x0/cw/makes/maruti-suzuki.webp
Maruti Suzuki,Grand Vitara [2007-2009],2007,Discontinued,Grand Vitara,Petrol,,,https://imgd.aeplcdn.com/664x374/cw/cars/discontinued/maruti-suzuki/grand-vitara-2007-2009.jpg,https://imgd.aeplcdn.com/0x0/cw/makes/maruti-suzuki.webp
Maruti Suzuki,Fronx,2023,Active,Fronx,Petrol,,,https://imgd.aeplcdn.com/664x374/n/cw/ec/130591/fronx-exterior-right-front-three-quarter-109.png,https://imgd.aeplcdn.com/0x0/cw/makes/maruti-suzuki.webp
Maruti Suzuki,Swift,2024,Active,Swift,Petrol,,,https://imgd.aeplcdn.com/664x374/n/cw/ec/159099/swift-exterior-right-front-three-quarter-31.png,https://imgd.aeplcdn.com/0x0/cw/makes/maruti-suzuki.webp
Maruti Suzuki,Baleno,2022,Active,Baleno,Petrol,,,https://imgd.aeplcdn.com/664x374/n/cw/ec/102663/baleno-exterior-right-front-three-quarter-69.png,https://imgd.aeplcdn.com/0x0/cw/makes/maruti-suzuki.webp
Maruti Suzuki,Brezza,2022,Active,Brezza,Petrol,,,https://imgd.aeplcdn.com/664x374/n/cw/ec/107543/brezza-exterior-right-front-three-quarter-9.png,https://imgd.aeplcdn.com/0x0/cw/makes/maruti-suzuki.webp
Maruti Suzuki,Grand Vitara,2022,Active,Grand Vitara,Petrol,,,https://imgd.aeplcdn.com/664x374/n/cw/ec/123185/grand-vitara-exterior-right-front-three-quarter-5.png,https://imgd.aeplcdn.com/0x0/cw/makes/maruti-suzuki.webp
Maruti Suzuki,Dzire,2024,Active,Dzire,Petrol,,,https://imgd.aeplcdn.com/664x374/n/cw/ec/170173/dzire-exterior-right-front-three-quarter-27.png,https://imgd.aeplcdn.com/0x0/cw/makes/maruti-suzuki.webp
Maruti Suzuki,Victoris,2025,Active,Victoris,Petrol,,,https://imgd.aeplcdn.com/664x374/n/cw/ec/194921/victoris-exterior-right-front-three-quarter-8.png,https://imgd.aeplcdn.com/0x0/cw/makes/maruti-suzuki.webp
Maruti Suzuki,Ertiga,2022,Active,Ertiga,Petrol,,,https://imgd.aeplcdn.com/664x374/n/cw/ec/115777/ertiga-exterior-right-front-three-quarter-10.png,https://imgd.aeplcdn.com/0x0/cw/makes/maruti-suzuki.webp
Maruti Suzuki,Wagon R,2022,Active,Wagon R,Petrol,,,https://imgd.aeplcdn.com/664x374/n/cw/ec/112947/wagon-r-exterior-right-front-three-quarter-6.png,https://imgd.aeplcdn.com/0x0/cw/makes/maruti-suzuki.webp
Maruti Suzuki,Alto K10,2022,Active,Alto K10,Petrol,,,https://imgd.aeplcdn.com/664x374/n/cw/ec/127563/alto-k10-exterior-right-front-three-quarter-63.png,https://imgd.aeplcdn.com/0x0/cw/makes/maruti-suzuki.webp
Maruti Suzuki,S-Presso,2022,Active,S-Presso,Petrol,,,https://imgd.aeplcdn.com/664x374/n/cw/ec/126463/s-presso-exterior-right-front-three-quarter-5.png,https://imgd.aeplcdn.com/0x0/cw/makes/maruti-suzuki.webp
Maruti Suzuki,e Vitara,2026,Active,e Vitara,Electric,,,https://imgd.aeplcdn.com/664x374/n/cw/ec/139269/e-vitara-exterior-right-front-three-quarter-5.png,https://imgd.aeplcdn.com/0x0/cw/makes/maruti-suzuki.webp
Maruti Suzuki,XL6,2022,Active,XL6,Petrol,,,https://imgd.aeplcdn.com/664x374/n/cw/ec/115601/xl6-exterior-right-front-three-quarter-13.png,https://imgd.aeplcdn.com/0x0/cw/makes/maruti-suzuki.webp
Maruti Suzuki,Celerio,2021,Active,Celerio,Petrol,,,https://imgd.aeplcdn.com/664x374/n/cw/ec/53695/celerio-exterior-right-front-three-quarter-8.png,https://imgd.aeplcdn.com/0x0/cw/makes/maruti-suzuki.webp
Maruti Suzuki,Jimny,2023,Active,Jimny,Petrol,,,https://imgd.aeplcdn.com/664x374/n/cw/ec/45299/jimny-exterior-right-front-three-quarter-23.png,https://imgd.aeplcdn.com/0x0/cw/makes/maruti-suzuki.webp
Maruti Suzuki,Ignis,2023,Active,Ignis,Petrol,,,https://imgd.aeplcdn.com/664x374/n/cw/ec/142921/ignis-exterior-right-front-three-quarter-17.png,https://imgd.aeplcdn.com/0x0/cw/makes/maruti-suzuki.webp
Maruti Suzuki,Eeco,2022,Active,Eeco,Petrol,,,https://imgd.aeplcdn.com/664x374/n/cw/ec/135523/eeco-exterior-right-front-three-quarter-3.png,https://imgd.aeplcdn.com/0x0/cw/makes/maruti-suzuki.webp
Maruti Suzuki,Ciaz,2018,Active,Ciaz,Petrol,,,https://imgd.aeplcdn.com/664x374/n/cw/ec/48542/ciaz-exterior-right-front-three-quarter-2.png,https://imgd.aeplcdn.com/0x0/cw/makes/maruti-suzuki.webp
Maruti Suzuki,Invicto,2023,Active,Invicto,Petrol,,,https://imgd.aeplcdn.com/664x374/n/cw/ec/147201/invicto-exterior-right-front-three-quarter-68.png,https://imgd.aeplcdn.com/0x0/cw/makes/maruti-suzuki.webp
Maruti Suzuki,Sub-compact SUV,2028,Upcoming,Sub-compact SUV,Petrol,,,https://imgd.aeplcdn.com/664x374/n/cw/ec/219544/sub-compact-suv-exterior-right-side-view.avif,https://imgd.aeplcdn.com/0x0/cw/makes/maruti-suzuki.webp
Maruti Suzuki,2026 Brezza,2026,Upcoming,Brezza,Petrol,,,https://imgd.aeplcdn.com/664x374/n/cw/ec/212741/2026-brezza-exterior-rear-view.avif,https://imgd.aeplcdn.com/0x0/cw/makes/maruti-suzuki.webp
Mercedes-Benz,G-Class [2018-2023],2018,Discontinued,G-Class,Petrol,,,https://imgd.aeplcdn.com/664x374/n/cw/ec/36129/g-class-exterior-right-front-three-quarter.jpeg,https://imgd.aeplcdn.com/0x0/cw/makes/mercedes-benz.webp
Mercedes-Benz,C-Class [2018-2022],2018,Discontinued,C-Class,Petrol,,,https://imgd.aeplcdn.com/664x374/cw/ec/30146/MercedesBenz-CClass-Exterior-136697.jpg,https://imgd.aeplcdn.com/0x0/cw/makes/mercedes-benz.webp
Mercedes-Benz,E-Class [2017-2021],2017,Discontinued,E-Class,Electric,,,https://imgd.aeplcdn.com/664x374/n/cw/ec/22875/e-class-exterior-right-front-three-quarter-119151.jpeg,https://imgd.aeplcdn.com/0x0/cw/makes/mercedes-benz.webp
Mercedes-Benz,GLB [2022-2025],2022,Discontinued,GLB,Petrol,,,https://imgd.aeplcdn.com/664x374/n/cw/ec/134297/glb-exterior-right-front-three-quarter-2.jpeg,https://imgd.aeplcdn.com/0x0/cw/makes/mercedes-benz.webp
Mercedes-Benz,A-Class Limousine [2021-2023],2021,Discontinued,A-Class Limousine,Petrol,,,https://imgd.aeplcdn.com/664x374/n/cw/ec/45207/a-class-limousine-exterior-right-front-three-quarter-67.jpeg,https://imgd.aeplcdn.com/0x0/cw/makes/mercedes-benz.webp
Mercedes-Benz,E-Class [2021-2024],2021,Discontinued,E-Class,Electric,,,https://imgd.aeplcdn.com/664x374/n/cw/ec/47336/e-class-exterior-right-front-three-quarter-27.jpeg,https://imgd.aeplcdn.com/0x0/cw/makes/mercedes-benz.webp
Mercedes-Benz,C-Class Cabriolet,2018,Discontinued,C-Class Cabriolet,Petrol,,,https://imgd.aeplcdn.com/664x374/cw/ec/36861/MercedesBenz-CClass-Cabriolet-Exterior-139428.jpg,https://imgd.aeplcdn.com/0x0/cw/makes/mercedes-benz.webp
Mercedes-Benz,S-Class (W222) [2017-2022],2017,Discontinued,S-Class (W222),Petrol,,,https://imgd.aeplcdn.com/664x374/n/cw/ec/30149/s-class-w222-exterior-right-front-three-quarter.jpeg,https://imgd.aeplcdn.com/0x0/cw/makes/mercedes-benz.webp
Mercedes-Benz,Old Generation V-Class 2019,2019,Discontinued,Old Generation V-Class 2019,Petrol,,,https://imgd.aeplcdn.com/664x374/cw/ec/37616/MercedesBenz-VClass-Right-Front-Three-Quarter-147184.jpg,https://imgd.aeplcdn.com/0x0/cw/makes/mercedes-benz.webp
Mercedes-Benz,GLS [2020-2024],2020,Discontinued,GLS,Petrol,,,https://imgd.aeplcdn.com/664x374/n/cw/ec/45390/gls-exterior-right-front-three-quarter-2.jpeg,https://imgd.aeplcdn.com/0x0/cw/makes/mercedes-benz.webp
Mercedes-Benz,GLA [2021-2024],2021,Discontinued,GLA,Petrol,,,https://imgd.aeplcdn.com/664x374/n/cw/ec/44784/gla-exterior-right-front-three-quarter.jpeg,https://imgd.aeplcdn.com/0x0/cw/makes/mercedes-benz.webp
Mercedes-Benz,C-Class [2022-2024],2022,Discontinued,C-Class,Petrol,,,https://imgd.aeplcdn.com/664x374/n/cw/ec/116201/c-class-exterior-right-front-three-quarter-3.jpeg,https://imgd.aeplcdn.com/0x0/cw/makes/mercedes-benz.webp
Mercedes-Benz,GLE Coupe [2016-2020],2016,Discontinued,GLE Coupe,Petrol,,,https://imgd.aeplcdn.com/664x374/cw/ec/21245/MercedesBenz-GLE-Coupe-Right-Front-Three-Quarter-63844.jpg,https://imgd.aeplcdn.com/0x0/cw/makes/mercedes-benz.webp
Mercedes-Benz,AMG GT,2015,Discontinued,AMG GT,Petrol,,,https://imgd.aeplcdn.com/664x374/n/cw/ec/20865/amg-gt-exterior-right-front-three-quarter-60800.jpeg,https://imgd.aeplcdn.com/0x0/cw/makes/mercedes-benz.webp
Mercedes-Benz,CLA 2026,2026,Discontinued,CLA 2026,Petrol,,,https://imgd.aeplcdn.com/664x374/n/cw/ec/202913/cla-2026-exterior-left-front-three-quarter.jpeg,https://imgd.aeplcdn.com/0x0/cw/makes/mercedes-benz.webp
Mercedes-Benz,C-Coupe,2019,Discontinued,C-Coupe,Petrol,,,https://imgd.aeplcdn.com/664x374/cw/ec/39072/MercedesBenz-CCoupe-Right-Front-Three-Quarter-152578.jpg,https://imgd.aeplcdn.com/0x0/cw/makes/mercedes-benz.webp
Mercedes-Benz,GLC [2023-2024],2023,Discontinued,GLC,Petrol,,,https://imgd.aeplcdn.com/664x374/n/cw/ec/150705/glc-exterior-right-front-three-quarter-94.jpeg,https://imgd.aeplcdn.com/0x0/cw/makes/mercedes-benz.webp
Mercedes-Benz,CLS,2018,Discontinued,CLS,Petrol,,,https://imgd.aeplcdn.com/664x374/cw/ec/32594/MercedesBenz-CLS-Exterior-141234.jpg,https://imgd.aeplcdn.com/0x0/cw/makes/mercedes-benz.webp
Mercedes-Benz,Maybach GLS [2021-2024],2021,Discontinued,Maybach GLS,Petrol,,,https://imgd.aeplcdn.com/664x374/n/cw/ec/95489/maybach-gls-exterior-right-front-three-quarter-5.jpeg,https://imgd.aeplcdn.com/0x0/cw/makes/mercedes-benz.webp
Mercedes-Benz,GLE [2020-2023],2020,Discontinued,GLE,Petrol,,,https://imgd.aeplcdn.com/664x374/n/cw/ec/36137/gle-exterior-right-front-three-quarter.jpeg,https://imgd.aeplcdn.com/0x0/cw/makes/mercedes-benz.webp
Mercedes-Benz,AMG A45 S [2021-2023],2021,Discontinued,AMG A45 S,Petrol,,,https://imgd.aeplcdn.com/664x374/n/cw/ec/106785/exterior-right-front-three-quarter-3.jpeg,https://imgd.aeplcdn.com/0x0/cw/makes/mercedes-benz.webp
Mercedes-Benz,AMG GLC43 Coupe [2020-2024],2020,Discontinued,AMG GLC43 Coupe,Petrol,,,https://imgd.aeplcdn.com/664x374/n/cw/ec/50924/amg-glc43-coupe-exterior-right-front-three-quarter-2.jpeg,https://imgd.aeplcdn.com/0x0/cw/makes/mercedes-benz.webp
Mercedes-Benz,S-Coupe,2015,Discontinued,S-Coupe,Petrol,,,https://imgd.aeplcdn.com/664x374/ec/A0/b2/19601/img/m/Mercedes-Benz-S-Coupe-Right-Front-Three-Quarter-54969_ol.jpg,https://imgd.aeplcdn.com/0x0/cw/makes/mercedes-benz.webp
Mercedes-Benz,CLA [2016-2020],2016,Discontinued,CLA,Petrol,,,https://imgd.aeplcdn.com/664x374/cw/ec/22898/MercedesBenz-CLA-Right-Front-Three-Quarter-84856.jpg,https://imgd.aeplcdn.com/0x0/cw/makes/mercedes-benz.webp
Mercedes-Benz,AMG A35,2021,Discontinued,AMG A35,Petrol,,,https://imgd.aeplcdn.com/664x374/n/cw/ec/94041/amg-a35-exterior-right-front-three-quarter-6.jpeg,https://imgd.aeplcdn.com/0x0/cw/makes/mercedes-benz.webp
Mercedes-Benz,GLC [2019-2023],2019,Discontinued,GLC,Petrol,,,https://imgd.aeplcdn.com/664x374/n/cw/ec/43718/glc-exterior-right-front-three-quarter-3.jpeg,https://imgd.aeplcdn.com/0x0/cw/makes/mercedes-benz.webp
Mercedes-Benz,GLA [2017-2020],2017,Discontinued,GLA,Petrol,,,https://imgd.aeplcdn.com/664x374/cw/ec/22928/MercedesBenz-GLA-Right-Front-Three-Quarter-142976.jpg,https://imgd.aeplcdn.com/0x0/cw/makes/mercedes-benz.webp
Mercedes-Benz,E-Class All Terrain,2018,Discontinued,E-Class All Terrain,Electric,,,https://imgd.aeplcdn.com/664x374/cw/ec/32948/MercedesBenz-EClass-All-Terrain-Exterior-137296.jpg,https://imgd.aeplcdn.com/0x0/cw/makes/mercedes-benz.webp
Mercedes-Benz,AMG GLE Coupe [2020-2024],2020,Discontinued,AMG GLE Coupe,Petrol,,,https://imgd.aeplcdn.com/664x374/n/cw/ec/51617/amg-gle-coupe-exterior-right-front-three-quarter-5.jpeg,https://imgd.aeplcdn.com/0x0/cw/makes/mercedes-benz.webp
Mercedes-Benz,AMG E53,2021,Discontinued,AMG E53,Petrol,,,https://imgd.aeplcdn.com/664x374/n/cw/ec/98397/amg-e53-exterior-right-front-three-quarter-2.jpeg,https://imgd.aeplcdn.com/0x0/cw/makes/mercedes-benz.webp
Mercedes-Benz,AMG E63,2021,Discontinued,AMG E63,Electric,,,https://imgd.aeplcdn.com/664x374/n/cw/ec/98399/amg-e63-exterior-right-front-three-quarter-3.jpeg,https://imgd.aeplcdn.com/0x0/cw/makes/mercedes-benz.webp
Mercedes-Benz,GLC Coupe,2020,Discontinued,GLC Coupe,Petrol,,,https://imgd.aeplcdn.com/664x374/n/cw/ec/45477/mercedesbenz-glc-coupe-right-front-three-quarter1.jpeg,https://imgd.aeplcdn.com/0x0/cw/makes/mercedes-benz.webp
Mercedes-Benz,GLS [2016-2020],2016,Discontinued,GLS,Petrol,,,https://imgd.aeplcdn.com/664x374/cw/ec/20628/MercedesBenz-GLS-Exterior-137818.jpg,https://imgd.aeplcdn.com/0x0/cw/makes/mercedes-benz.webp
Mercedes-Benz,EQC,2020,Discontinued,EQC,Petrol,,,https://imgd.aeplcdn.com/664x374/n/cw/ec/44579/eqc-exterior-right-front-three-quarter-5.jpeg,https://imgd.aeplcdn.com/0x0/cw/makes/mercedes-benz.webp
Mercedes-Benz,A-Class [2015-2019],2015,Discontinued,A-Class,Petrol,,,https://imgd.aeplcdn.com/664x374/cw/ec/20954/Mercedes-Benz-A-Class-Right-Front-Three-Quarter-61539.jpg,https://imgd.aeplcdn.com/0x0/cw/makes/mercedes-benz.webp
Mercedes-Benz,M-Class,2012,Discontinued,M-Class,Petrol,,,https://imgd.aeplcdn.com/664x374/ec/DA/c4/10817/img/m/Mercedes-Benz-M-Class-Right-Front-Three-Quarter-50675_ol.jpg,https://imgd.aeplcdn.com/0x0/cw/makes/mercedes-benz.webp
Mercedes-Benz,GLE [2015-2020],2015,Discontinued,GLE,Petrol,,,https://imgd.aeplcdn.com/664x374/cw/ec/20442/Mercedes-Benz-GLE-Class-Right-Front-Three-Quarter-58803.jpg,https://imgd.aeplcdn.com/0x0/cw/makes/mercedes-benz.webp
Mercedes-Benz,C-Class [2011-2014],2011,Discontinued,C-Class,Petrol,,,https://imgd.aeplcdn.com/664x374/ec/1B/7D/10812/img/m/Mercedes-Benz-C-Class-Front-view-22835_l.jpg,https://imgd.aeplcdn.com/0x0/cw/makes/mercedes-benz.webp
Mercedes-Benz,B-Class,2015,Discontinued,B-Class,Petrol,,,https://imgd.aeplcdn.com/664x374/ec/4e/E9/18471/img/m/Mercedes-Benz-B-Class-Right-Front-Three-Quarter-50812_ol.jpg,https://imgd.aeplcdn.com/0x0/cw/makes/mercedes-benz.webp
Mercedes-Benz,GLC Coupe [2017-2020],2017,Discontinued,GLC Coupe,Petrol,,,https://imgd.aeplcdn.com/664x374/cw/ec/30078/MercedesBenz-GLC-Coupe-Exterior-114187.jpg,https://imgd.aeplcdn.com/0x0/cw/makes/mercedes-benz.webp
Mercedes-Benz,GL,2013,Discontinued,GL,Petrol,,,https://imgd.aeplcdn.com/664x374/cw/cars/mercedese/gl-class.jpg,https://imgd.aeplcdn.com/0x0/cw/makes/mercedes-benz.webp
Mercedes-Benz,GLC [2016-2019],2016,Discontinued,GLC,Petrol,,,https://imgd.aeplcdn.com/664x374/cw/ec/21617/MercedesBenz-GLC-Right-Front-Three-Quarter-73854.jpg,https://imgd.aeplcdn.com/0x0/cw/makes/mercedes-benz.webp
Mercedes-Benz,E-Class [2013-2015],2013,Discontinued,E-Class,Electric,,,https://imgd.aeplcdn.com/664x374/ec/8C/85/10814/img/m/Mercedes-Benz-E-Class-Right-Front-Three-Quarter-50679_ol.jpg,https://imgd.aeplcdn.com/0x0/cw/makes/mercedes-benz.webp
Mercedes-Benz,A-Class [2013-2015],2013,Discontinued,A-Class,Petrol,,,https://imgd.aeplcdn.com/664x374/cw/cars/mercedese/a-class.jpg,https://imgd.aeplcdn.com/0x0/cw/makes/mercedes-benz.webp
Mercedes-Benz,C-Class [2014-2018],2014,Discontinued,C-Class,Petrol,,,https://imgd.aeplcdn.com/664x374/cw/ec/18473/MercedesBenz-CClass-Exterior-130762.jpg,https://imgd.aeplcdn.com/0x0/cw/makes/mercedes-benz.webp
Mercedes-Benz,S-Class [2014-2018],2014,Discontinued,S-Class,Petrol,,,https://imgd.aeplcdn.com/664x374/ec/10/b2/13449/img/m/Mercedes-Benz-S-Class-Right-Front-Three-Quarter-52383_ol.jpg,https://imgd.aeplcdn.com/0x0/cw/makes/mercedes-benz.webp
Mercedes-Benz,G-Class [2013-2018],2013,Discontinued,G-Class,Petrol,,,https://imgd.aeplcdn.com/664x374/ec/19/08/19600/img/m/Mercedes-Benz-G-Class-Right-Front-Three-Quarter-54968_ol.jpg,https://imgd.aeplcdn.com/0x0/cw/makes/mercedes-benz.webp
Mercedes-Benz,E-Class Cabriolet,2015,Discontinued,E-Class Cabriolet,Electric,,,https://imgd.aeplcdn.com/664x374/cw/ec/26933/MercedesBenz-EClass-Cabriolet-Exterior-129489.jpg,https://imgd.aeplcdn.com/0x0/cw/makes/mercedes-benz.webp
Mercedes-Benz,E-Class [2015-2017],2015,Discontinued,E-Class,Electric,,,https://imgd.aeplcdn.com/664x374/cw/cars/mercedese/e-classs.jpg,https://imgd.aeplcdn.com/0x0/cw/makes/mercedes-benz.webp
Mercedes-Benz,CLA [2015-2016],2015,Discontinued,CLA,Petrol,,,https://imgd.aeplcdn.com/664x374/cw/cars/mercedese/cla-class.jpg,https://imgd.aeplcdn.com/0x0/cw/makes/mercedes-benz.webp
Mercedes-Benz,GLA [2014-2017],2014,Discontinued,GLA,Petrol,,,https://imgd.aeplcdn.com/664x374/cw/ec/11121/MercedesBenz-GLA-Right-Front-Three-Quarter-82070.jpg,https://imgd.aeplcdn.com/0x0/cw/makes/mercedes-benz.webp
Mercedes-Benz,B-Class [2012-2015],2012,Discontinued,B-Class,Petrol,,,https://imgd.aeplcdn.com/664x374/cw/ec/10811/MercedesBenz-BClass-20122015-Exterior-80431.jpg,https://imgd.aeplcdn.com/0x0/cw/makes/mercedes-benz.webp
Mercedes-Benz,SLC,2016,Discontinued,SLC,Petrol,,,https://imgd.aeplcdn.com/664x374/cw/ec/24097/MercedesBenz-SLC-Right-Front-Three-Quarter-77115.jpg,https://imgd.aeplcdn.com/0x0/cw/makes/mercedes-benz.webp
Mercedes-Benz,SLK,2011,Discontinued,SLK,Petrol,,,https://imgd.aeplcdn.com/664x374/cw/cars/mercedese/slk-class.jpg,https://imgd.aeplcdn.com/0x0/cw/makes/mercedes-benz.webp
Mercedes-Benz,S-Class Cabriolet,2016,Discontinued,S-Class Cabriolet,Petrol,,,https://imgd.aeplcdn.com/664x374/cw/ec/22563/MercedesBenz-SClass-Cabriolet-Right-Front-Three-Quarter-83692.jpg,https://imgd.aeplcdn.com/0x0/cw/makes/mercedes-benz.webp
Mercedes-Benz,CLS [2014-2018],2014,Discontinued,CLS,Petrol,,,https://imgd.aeplcdn.com/664x374/cw/cars/mercedese/cls-class.jpg,https://imgd.aeplcdn.com/0x0/cw/makes/mercedes-benz.webp
Mercedes-Benz,C-Class Cabriolet [2016-2018],2016,Discontinued,C-Class Cabriolet,Petrol,,,https://imgd.aeplcdn.com/664x374/cw/ec/25771/MercedesBenz-CClass-Cabriolet-Right-Front-Three-Quarter-83693.jpg,https://imgd.aeplcdn.com/0x0/cw/makes/mercedes-benz.webp
Mercedes-Benz,G-Class,2023,Active,G-Class,Petrol,,,https://imgd.aeplcdn.com/664x374/n/cw/ec/150621/g-class-exterior-right-front-three-quarter-24.png,https://imgd.aeplcdn.com/0x0/cw/makes/mercedes-benz.webp
Mercedes-Benz,A-Class Limousine,2023,Active,A-Class Limousine,Petrol,,,https://imgd.aeplcdn.com/664x374/n/cw/ec/149525/a-class-limousine-exterior-right-front-three-quarter-8.png,https://imgd.aeplcdn.com/0x0/cw/makes/mercedes-benz.webp
Mercedes-Benz,E-Class,2024,Active,E-Class,Electric,,,https://imgd.aeplcdn.com/664x374/n/cw/ec/162929/e-class-exterior-right-front-three-quarter-35.png,https://imgd.aeplcdn.com/0x0/cw/makes/mercedes-benz.webp
Mercedes-Benz,C-Class,2024,Active,C-Class,Petrol,,,https://imgd.aeplcdn.com/664x374/n/cw/ec/178535/c-class-exterior-right-front-three-quarter-4.png,https://imgd.aeplcdn.com/0x0/cw/makes/mercedes-benz.webp
Mercedes-Benz,GLS,2024,Active,GLS,Petrol,,,https://imgd.aeplcdn.com/664x374/n/cw/ec/167373/gls-exterior-right-front-three-quarter-22.png,https://imgd.aeplcdn.com/0x0/cw/makes/mercedes-benz.webp
Mercedes-Benz,GLA,2024,Active,GLA,Petrol,,,https://imgd.aeplcdn.com/664x374/n/cw/ec/169159/gla-exterior-right-front-three-quarter-4.png,https://imgd.aeplcdn.com/0x0/cw/makes/mercedes-benz.webp
Mercedes-Benz,GLC,2024,Active,GLC,Petrol,,,https://imgd.aeplcdn.com/664x374/n/cw/ec/178525/glc-exterior-right-front-three-quarter-4.png,https://imgd.aeplcdn.com/0x0/cw/makes/mercedes-benz.webp
Mercedes-Benz,V-Class,2026,Active,V-Class,Petrol,,,https://imgd.aeplcdn.com/664x374/n/cw/ec/217073/new-v-class-exterior-right-front-three-quarter-13.avif,https://imgd.aeplcdn.com/0x0/cw/makes/mercedes-benz.webp
Mercedes-Benz,GLE,2023,Active,GLE,Petrol,,,https://imgd.aeplcdn.com/664x374/n/cw/ec/163317/gle-exterior-right-front-three-quarter-4.png,https://imgd.aeplcdn.com/0x0/cw/makes/mercedes-benz.webp
Mercedes-Benz,Maybach S-Class,2022,Active,Maybach S-Class,Petrol,,,https://imgd.aeplcdn.com/664x374/n/cw/ec/115149/maybach-s-class-exterior-right-front-three-quarter-6.png,https://imgd.aeplcdn.com/0x0/cw/makes/mercedes-benz.webp
Mercedes-Benz,AMG CLE,2025,Active,AMG CLE,Petrol,,,https://imgd.aeplcdn.com/664x374/n/cw/ec/207030/amg-cle-exterior-right-front-three-quarter-33.png,https://imgd.aeplcdn.com/0x0/cw/makes/mercedes-benz.webp
Mercedes-Benz,S-Class,2021,Active,S-Class,Petrol,,,https://imgd.aeplcdn.com/664x374/n/cw/ec/48067/s-class-exterior-right-front-three-quarter-10.png,https://imgd.aeplcdn.com/0x0/cw/makes/mercedes-benz.webp
Mercedes-Benz,Maybach GLS,2024,Active,Maybach GLS,Petrol,,,https://imgd.aeplcdn.com/664x374/n/cw/ec/177511/maybach-gls-exterior-right-front-three-quarter-5.png,https://imgd.aeplcdn.com/0x0/cw/makes/mercedes-benz.webp
Mercedes-Benz,CLE Cabriolet,2024,Active,CLE Cabriolet,Petrol,,,https://imgd.aeplcdn.com/664x374/n/cw/ec/182371/cle-cabriolet-exterior-right-front-three-quarter-4.png,https://imgd.aeplcdn.com/0x0/cw/makes/mercedes-benz.webp
Mercedes-Benz,AMG G-Class,2024,Active,AMG G-Class,Petrol,,,https://imgd.aeplcdn.com/664x374/n/cw/ec/190739/amg-g-class-exterior-right-front-three-quarter-3.png,https://imgd.aeplcdn.com/0x0/cw/makes/mercedes-benz.webp
Mercedes-Benz,AMG GLA35,2021,Active,AMG GLA35,Petrol,,,https://imgd.aeplcdn.com/664x374/n/cw/ec/94279/amg-gla35-exterior-right-front-three-quarter-3.png,https://imgd.aeplcdn.com/0x0/cw/makes/mercedes-benz.webp
Mercedes-Benz,G580 with EQ Technology,2025,Active,G580 with EQ Technology,Petrol,,,https://imgd.aeplcdn.com/664x374/n/cw/ec/175191/g580-with-eq-technology-exterior-right-front-three-quarter-9.png,https://imgd.aeplcdn.com/0x0/cw/makes/mercedes-benz.webp
Mercedes-Benz,EQS,2022,Active,EQS,Petrol,,,https://imgd.aeplcdn.com/664x374/n/cw/ec/131249/eqs-exterior-right-front-three-quarter-31.png,https://imgd.aeplcdn.com/0x0/cw/makes/mercedes-benz.webp
Mercedes-Benz,AMG GLC43 Coupe,2024,Active,AMG GLC43 Coupe,Petrol,,,https://imgd.aeplcdn.com/664x374/n/cw/ec/182375/amg-glc43-coupe-exterior-right-front-three-quarter-4.png,https://imgd.aeplcdn.com/0x0/cw/makes/mercedes-benz.webp
Mercedes-Benz,AMG GT 63,2025,Active,AMG GT 63,Petrol,,,https://imgd.aeplcdn.com/664x374/n/cw/ec/204994/amg-gt-63-exterior-right-front-three-quarter-2.png,https://imgd.aeplcdn.com/0x0/cw/makes/mercedes-benz.webp
Mercedes-Benz,AMG C 43,2023,Active,AMG C 43,Petrol,,,https://imgd.aeplcdn.com/664x374/n/cw/ec/163327/amg-c-43-exterior-right-front-three-quarter-5.png,https://imgd.aeplcdn.com/0x0/cw/makes/mercedes-benz.webp
Mercedes-Benz,Maybach SL 680,2025,Active,Maybach SL 680,Petrol,,,https://imgd.aeplcdn.com/664x374/n/cw/ec/197325/maybach-sl-680-exterior-right-front-three-quarter-6.png,https://imgd.aeplcdn.com/0x0/cw/makes/mercedes-benz.webp
Mercedes-Benz,AMG GLE Coupe,2024,Active,AMG GLE Coupe,Petrol,,,https://imgd.aeplcdn.com/664x374/n/cw/ec/169185/amg-gle-coupe-exterior-right-front-three-quarter-3.png,https://imgd.aeplcdn.com/0x0/cw/makes/mercedes-benz.webp
Mercedes-Benz,EQB,2022,Active,EQB,Petrol,,,https://imgd.aeplcdn.com/664x374/n/cw/ec/108055/eqb-exterior-right-front-three-quarter-15.png,https://imgd.aeplcdn.com/0x0/cw/makes/mercedes-benz.webp
Mercedes-Benz,EQS SUV,2024,Active,EQS SUV,Petrol,,,https://imgd.aeplcdn.com/664x374/n/cw/ec/187171/eqs-suv-exterior-right-front-three-quarter-4.png,https://imgd.aeplcdn.com/0x0/cw/makes/mercedes-benz.webp
Mercedes-Benz,AMG E53 Cabriolet,2023,Active,AMG E53 Cabriolet,Petrol,,,https://imgd.aeplcdn.com/664x374/n/cw/ec/137541/amg-e53-cabriolet-exterior-right-front-three-quarter-9.png,https://imgd.aeplcdn.com/0x0/cw/makes/mercedes-benz.webp
Mercedes-Benz,EQA,2024,Active,EQA,Petrol,,,https://imgd.aeplcdn.com/664x374/n/cw/ec/178797/eqa-exterior-right-front-three-quarter-43.png,https://imgd.aeplcdn.com/0x0/cw/makes/mercedes-benz.webp
Mercedes-Benz,AMG A45 S,2023,Active,AMG A45 S,Petrol,,,https://imgd.aeplcdn.com/664x374/n/cw/ec/149523/amg-a45-s-exterior-right-front-three-quarter-8.png,https://imgd.aeplcdn.com/0x0/cw/makes/mercedes-benz.webp
Mercedes-Benz,AMG SL55 Roadster,2023,Active,AMG SL55 Roadster,Petrol,,,https://imgd.aeplcdn.com/664x374/n/cw/ec/148919/amg-sl55-roadster-exterior-right-front-three-quarter-3.png,https://imgd.aeplcdn.com/0x0/cw/makes/mercedes-benz.webp
Mercedes-Benz,AMG S 63 E Performance,2024,Active,AMG S 63 E Performance,Petrol,,,https://imgd.aeplcdn.com/664x374/n/cw/ec/177545/amg-s-63-e-performance-exterior-right-front-three-quarter-12.png,https://imgd.aeplcdn.com/0x0/cw/makes/mercedes-benz.webp
Mercedes-Benz,AMG GT 63 S E Performance,2023,Active,AMG GT 63 S E Performance,Petrol,,,https://imgd.aeplcdn.com/664x374/n/cw/ec/145977/amg-gt-63-s-e-performance-exterior-right-front-three-quarter-11.png,https://imgd.aeplcdn.com/0x0/cw/makes/mercedes-benz.webp
Mercedes-Benz,Maybach EQS SUV,2024,Active,Maybach EQS SUV,Petrol,,,https://imgd.aeplcdn.com/664x374/n/cw/ec/175201/maybach-eqs-suv-exterior-right-front-three-quarter-4.png,https://imgd.aeplcdn.com/0x0/cw/makes/mercedes-benz.webp
Mercedes-Benz,AMG C 63 S E Performance,2024,Active,AMG C 63 S E Performance,Petrol,,,https://imgd.aeplcdn.com/664x374/n/cw/ec/191161/amg-c-63-s-e-performance-exterior-right-front-three-quarter-17.png,https://imgd.aeplcdn.com/0x0/cw/makes/mercedes-benz.webp
Mercedes-Benz,AMG EQS,2022,Active,AMG EQS,Petrol,,,https://imgd.aeplcdn.com/664x374/n/cw/ec/58165/amg-eqs-exterior-right-front-three-quarter-62.png,https://imgd.aeplcdn.com/0x0/cw/makes/mercedes-benz.webp
Mercedes-Benz,AMG GT 63 S 4Matic Plus,2020,Active,AMG GT 63 S 4Matic Plus,Petrol,,,https://imgd.aeplcdn.com/664x374/n/cw/ec/45126/amg-gt-63-s-4matic-plus-exterior-right-front-three-quarter-3.png,https://imgd.aeplcdn.com/0x0/cw/makes/mercedes-benz.webp
Mercedes-Benz,EQE SUV,2023,Active,EQE SUV,Petrol,,,https://imgd.aeplcdn.com/664x374/n/cw/ec/108113/eqe-suv-exterior-right-front-three-quarter-4.png,https://imgd.aeplcdn.com/0x0/cw/makes/mercedes-benz.webp
Mercedes-Benz,CLA,2026,Upcoming,CLA,Petrol,,,https://imgd.aeplcdn.com/664x374/n/cw/ec/216979/cla-exterior-right-front-three-quarter-34.jpeg,https://imgd.aeplcdn.com/0x0/cw/makes/mercedes-benz.webp
Mercedes-Benz,GLC EV,2026,Upcoming,GLC EV,Electric,,,https://imgd.aeplcdn.com/664x374/n/cw/ec/210035/glc-ev-exterior-left-front-three-quarter-2.jpeg,https://imgd.aeplcdn.com/0x0/cw/makes/mercedes-benz.webp
Mercedes-Benz,S-Class Facelift,2027,Upcoming,S-Class Facelift,Petrol,,,https://imgd.aeplcdn.com/664x374/n/cw/ec/216615/s-class-facelift-exterior-front-view.jpeg,https://imgd.aeplcdn.com/0x0/cw/makes/mercedes-benz.webp
Mitsubishi,Pajero Sport,2012,Discontinued,Pajero Sport,Petrol,,,https://imgd.aeplcdn.com/664x374/ec/b8/0e/9739/img/m/Mitsubishi-Pajero-Sport-Right-Front-Three-Quarter-52939_ol.jpg,https://imgd.aeplcdn.com/0x0/cw/makes/mitsubishi.webp
Mitsubishi,Outlander,2018,Discontinued,Outlander,Petrol,,,https://imgd.aeplcdn.com/664x374/cw/ec/34253/Mitsubishi-Outlander-Exterior-130062.jpg,https://imgd.aeplcdn.com/0x0/cw/makes/mitsubishi.webp
Mitsubishi,Montero,2016,Discontinued,Montero,Petrol,,,https://imgd.aeplcdn.com/664x374/cw/ec/23799/Mitsubishi-Montero-Right-Front-Three-Quarter-74529.jpg,https://imgd.aeplcdn.com/0x0/cw/makes/mitsubishi.webp
Mitsubishi,Cedia [2009-2013],2009,Discontinued,Cedia,Petrol,,,https://imgd.aeplcdn.com/664x374/ec/8C/12/10835/img/orig/Mitsubishi-Cedia-Right-Front-Three-Quater-18564.jpg,https://imgd.aeplcdn.com/0x0/cw/makes/mitsubishi.webp
Mitsubishi,Lancer Evolution [2011-2013],2011,Discontinued,Lancer Evolution,Electric,,,https://imgd.aeplcdn.com/664x374/ec/D6/9c/10834/img/orig/Mitsubishi-Lancer-Evolution-Left-Front-Three-Quarter-18562.jpg,https://imgd.aeplcdn.com/0x0/cw/makes/mitsubishi.webp
Premier,Rio [2012-2015],2012,Discontinued,Rio,Petrol,,,https://imgd.aeplcdn.com/664x374/cw/cars/primirer/rio.jpg,https://imgd.aeplcdn.com/0x0/cw/makes/premier.webp
Skoda,Kushaq [2024-2026],2024,Discontinued,Kushaq,Petrol,,,https://imgd.aeplcdn.com/664x374/n/cw/ec/175993/kushaq-exterior-right-front-three-quarter-2.png,https://imgd.aeplcdn.com/0x0/cw/makes/skoda.webp
Skoda,Slavia [2022-2023],2022,Discontinued,Slavia,Petrol,,,https://imgd.aeplcdn.com/664x374/n/cw/ec/44088/slavia-exterior-right-front-three-quarter-5.jpeg,https://imgd.aeplcdn.com/0x0/cw/makes/skoda.webp
Skoda,Kodiaq [2022-2025],2022,Discontinued,Kodiaq,Petrol,,,https://imgd.aeplcdn.com/664x374/n/cw/ec/49051/kodiaq-exterior-right-front-three-quarter-3.jpeg,https://imgd.aeplcdn.com/0x0/cw/makes/skoda.webp
Skoda,Octavia [2017-2021],2017,Discontinued,Octavia,Petrol,,,https://imgd.aeplcdn.com/664x374/n/cw/ec/43966/skoda-octavia-rs-245-exterior5.jpeg,https://imgd.aeplcdn.com/0x0/cw/makes/skoda.webp
Skoda,Rapid,2016,Discontinued,Rapid,Petrol,,,https://imgd.aeplcdn.com/664x374/cw/ec/23512/Skoda-Rapid-Exterior-118996.jpg,https://imgd.aeplcdn.com/0x0/cw/makes/skoda.webp
Skoda,Rapid TSI,2020,Discontinued,Rapid TSI,Petrol,,,https://imgd.aeplcdn.com/664x374/n/cw/ec/49980/rapid-tsi-at-exterior-right-front-three-quarter-3.jpeg,https://imgd.aeplcdn.com/0x0/cw/makes/skoda.webp
Skoda,Octavia,2021,Discontinued,Octavia,Petrol,,,https://imgd.aeplcdn.com/664x374/n/cw/ec/40371/octavia-exterior-right-front-three-quarter-2.jpeg,https://imgd.aeplcdn.com/0x0/cw/makes/skoda.webp
Skoda,Slavia [2023-2024],2023,Discontinued,Slavia,Petrol,,,https://imgd.aeplcdn.com/664x374/n/cw/ec/144999/slavia-exterior-right-front-three-quarter-6.jpeg,https://imgd.aeplcdn.com/0x0/cw/makes/skoda.webp
Skoda,Kushaq [2023-2024],2023,Discontinued,Kushaq,Petrol,,,https://imgd.aeplcdn.com/664x374/n/cw/ec/145021/kushaq-exterior-right-front-three-quarter-12.jpeg,https://imgd.aeplcdn.com/0x0/cw/makes/skoda.webp
Skoda,Superb [2024],2024,Discontinued,Superb [2024],Petrol,,,https://imgd.aeplcdn.com/664x374/n/cw/ec/158937/superb-exterior-right-front-three-quarter-6.jpeg,https://imgd.aeplcdn.com/0x0/cw/makes/skoda.webp
Skoda,Karoq,2020,Discontinued,Karoq,Petrol,,,https://imgd.aeplcdn.com/664x374/n/cw/ec/29168/karoq-exterior-right-front-three-quarter-2.jpeg,https://imgd.aeplcdn.com/0x0/cw/makes/skoda.webp
Skoda,Superb [2020-2023],2020,Discontinued,Superb,Petrol,,,https://imgd.aeplcdn.com/664x374/n/cw/ec/39039/superb-exterior-right-front-three-quarter-2.jpeg,https://imgd.aeplcdn.com/0x0/cw/makes/skoda.webp
Skoda,Kodiaq [2017-2020],2017,Discontinued,Kodiaq,Petrol,,,https://imgd.aeplcdn.com/664x374/cw/ec/24294/Skoda-Kodiaq-Right-Front-Three-Quarter-108846.jpg,https://imgd.aeplcdn.com/0x0/cw/makes/skoda.webp
Skoda,Fabia,2010,Discontinued,Fabia,Petrol,,,https://imgd.aeplcdn.com/664x374/cw/cars/discontinued/skoda/fabia-2010-2015.jpg,https://imgd.aeplcdn.com/0x0/cw/makes/skoda.webp
Skoda,Rapid [2014-2015],2014,Discontinued,Rapid,Petrol,,,https://imgd.aeplcdn.com/664x374/cw/cars/skoda/rapid.jpg,https://imgd.aeplcdn.com/0x0/cw/makes/skoda.webp
Skoda,Kamiq,2024,Discontinued,Kamiq,Petrol,,,https://imgd.aeplcdn.com/664x374/cw/ec/41784/Skoda-Kamiq-Exterior-170110.jpg,https://imgd.aeplcdn.com/0x0/cw/makes/skoda.webp
Skoda,Laura,2009,Discontinued,Laura,Petrol,,,https://imgd.aeplcdn.com/664x374/cw/cars/discontinued/skoda/laura-2009-2013.jpg,https://imgd.aeplcdn.com/0x0/cw/makes/skoda.webp
Skoda,Superb [2016-2020],2016,Discontinued,Superb,Petrol,,,https://imgd.aeplcdn.com/664x374/cw/ec/19850/Skoda-Superb-Exterior-119149.jpg,https://imgd.aeplcdn.com/0x0/cw/makes/skoda.webp
Skoda,Octavia [2001-2010],2001,Discontinued,Octavia,Petrol,,,https://imgd.aeplcdn.com/664x374/cw/cars/discontinued/skoda/octavia-2001-2010.jpg,https://imgd.aeplcdn.com/0x0/cw/makes/skoda.webp
Skoda,Superb [2009-2014],2009,Discontinued,Superb,Petrol,,,https://imgd.aeplcdn.com/664x374/cw/cars/discontinued/skoda/superb-2009-2014.jpg,https://imgd.aeplcdn.com/0x0/cw/makes/skoda.webp
Skoda,Rapid [2015-2016],2015,Discontinued,Rapid,Petrol,,,https://imgd.aeplcdn.com/664x374/cw/ec/21007/Skoda-Rapid-Right-Front-Three-Quarter-61509.jpg,https://imgd.aeplcdn.com/0x0/cw/makes/skoda.webp
Skoda,Octavia [2013-2015],2013,Discontinued,Octavia,Petrol,,,https://imgd.aeplcdn.com/664x374/cw/cars/skoda/octavia.jpg,https://imgd.aeplcdn.com/0x0/cw/makes/skoda.webp
Skoda,Yeti,2015,Discontinued,Yeti,Petrol,,,https://imgd.aeplcdn.com/664x374/cw/ec/21013/Skoda-Yeti-Right-Front-Three-Quarter-61517.jpg,https://imgd.aeplcdn.com/0x0/cw/makes/skoda.webp
Skoda,Octavia [2015-2017],2015,Discontinued,Octavia,Petrol,,,https://imgd.aeplcdn.com/664x374/cw/ec/21023/Skoda-Octavia-Right-Front-Three-Quarter-77808.jpg,https://imgd.aeplcdn.com/0x0/cw/makes/skoda.webp
Skoda,Rapid [2011-2014],2011,Discontinued,Rapid,Petrol,,,https://imgd.aeplcdn.com/664x374/cw/cars/discontinued/skoda/rapid-2011-2014.jpg,https://imgd.aeplcdn.com/0x0/cw/makes/skoda.webp
Skoda,Fabia [2008-2010],2008,Discontinued,Fabia,Petrol,,,https://imgd.aeplcdn.com/664x374/cw/cars/discontinued/skoda/fabia-2008-2010.jpg,https://imgd.aeplcdn.com/0x0/cw/makes/skoda.webp
Skoda,Yeti [2010-2014],2010,Discontinued,Yeti,Petrol,,,https://imgd.aeplcdn.com/664x374/cw/cars/discontinued/skoda/yeti-2010-2014.jpg,https://imgd.aeplcdn.com/0x0/cw/makes/skoda.webp
Skoda,Laura [2005-2009],2005,Discontinued,Laura,Petrol,,,https://imgd.aeplcdn.com/664x374/cw/cars/discontinued/skoda/laura-2005-2009.jpg,https://imgd.aeplcdn.com/0x0/cw/makes/skoda.webp
Skoda,Superb [2004-2009],2004,Discontinued,Superb,Petrol,,,https://imgd.aeplcdn.com/664x374/cw/cars/discontinued/skoda/superb-2004-2009.jpg,https://imgd.aeplcdn.com/0x0/cw/makes/skoda.webp
Skoda,Octavia Combi,2005,Discontinued,Octavia Combi,Petrol,,,https://imgd.aeplcdn.com/664x374/cw/cars/discontinued/skoda/octavia-combi-2005-2008.jpg,https://imgd.aeplcdn.com/0x0/cw/makes/skoda.webp
Skoda,Superb [2014-2016],2014,Discontinued,Superb,Petrol,,,https://imgd.aeplcdn.com/664x374/cw/cars/skoda/superb.jpg,https://imgd.aeplcdn.com/0x0/cw/makes/skoda.webp
Skoda,Octavia RS 245,2020,Discontinued,Octavia RS 245,Petrol,,,https://imgd.aeplcdn.com/664x374/n/cw/ec/43966/skoda-octavia-rs-245-exterior5.jpeg,https://imgd.aeplcdn.com/0x0/cw/makes/skoda.webp
Skoda,Yeti [2014-2015],2014,Discontinued,Yeti,Petrol,,,https://imgd.aeplcdn.com/664x374/cw/cars/skoda/yeti.jpg,https://imgd.aeplcdn.com/0x0/cw/makes/skoda.webp
Skoda,Kushaq [2021-2023],2021,Discontinued,Kushaq,Petrol,,,https://imgd.aeplcdn.com/664x374/n/cw/ec/44549/kushaq-exterior-right-front-three-quarter-52.jpeg,https://imgd.aeplcdn.com/0x0/cw/makes/skoda.webp
Skoda,Kylaq,2024,Active,Kylaq,Petrol,,,https://imgd.aeplcdn.com/664x374/n/cw/ec/171777/kylaq-exterior-right-front-three-quarter-10.jpeg,https://imgd.aeplcdn.com/0x0/cw/makes/skoda.webp
Skoda,Slavia,2024,Active,Slavia,Petrol,,,https://imgd.aeplcdn.com/664x374/n/cw/ec/175951/slavia-exterior-right-front-three-quarter-10.png,https://imgd.aeplcdn.com/0x0/cw/makes/skoda.webp
Skoda,Kushaq,2026,Active,Kushaq,Petrol,,,https://imgd.aeplcdn.com/664x374/n/cw/ec/187043/kushaq-facelift-exterior-right-front-three-quarter-6.png,https://imgd.aeplcdn.com/0x0/cw/makes/skoda.webp
Skoda,Kodiaq,2025,Active,Kodiaq,Petrol,,,https://imgd.aeplcdn.com/664x374/n/cw/ec/158729/kodiaq-exterior-right-front-three-quarter-14.png,https://imgd.aeplcdn.com/0x0/cw/makes/skoda.webp
Skoda,Octavia RS,2025,Active,Octavia RS,Petrol,,,https://imgd.aeplcdn.com/664x374/n/cw/ec/204968/octaviars-exterior-right-front-three-quarter-61.png,https://imgd.aeplcdn.com/0x0/cw/makes/skoda.webp
Skoda,New Superb,2026,Upcoming,New Superb,Petrol,,,https://imgd.aeplcdn.com/664x374/n/cw/ec/195979/new-superb-exterior-left-front-three-quarter.jpeg,https://imgd.aeplcdn.com/0x0/cw/makes/skoda.webp
Skoda,Slavia Facelift,2026,Upcoming,Slavia Facelift,Petrol,,,https://imgd.aeplcdn.com/664x374/n/cw/ec/179753/slavia-facelift-exterior-left-side-view-2.jpeg,https://imgd.aeplcdn.com/0x0/cw/makes/skoda.webp
Skoda,Octavia Facelift,2026,Upcoming,Octavia Facelift,Petrol,,,https://imgd.aeplcdn.com/664x374/n/cw/ec/170883/octavia-facelift-exterior-front-view-6.jpeg,https://imgd.aeplcdn.com/0x0/cw/makes/skoda.webp
Skoda,Elroq,2026,Upcoming,Elroq,Petrol,,,https://imgd.aeplcdn.com/664x374/n/cw/ec/188525/elroq-exterior-right-front-three-quarter.jpeg,https://imgd.aeplcdn.com/0x0/cw/makes/skoda.webp
Skoda,Epiq,2027,Upcoming,Epiq,Petrol,,,https://imgd.aeplcdn.com/664x374/n/cw/ec/217463/epiq-exterior-left-front-three-quarter.jpeg,https://imgd.aeplcdn.com/0x0/cw/makes/skoda.webp
Skoda,Kodiaq RS,2026,Upcoming,Kodiaq RS,Petrol,,,https://imgd.aeplcdn.com/664x374/n/cw/ec/216477/kodiaq-rs-exterior-left-front-three-quarter.jpeg,https://imgd.aeplcdn.com/0x0/cw/makes/skoda.webp
Skoda,Enyaq,2027,Upcoming,Enyaq,Petrol,,,https://imgd.aeplcdn.com/664x374/n/cw/ec/137871/enyaq-exterior-right-front-three-quarter-2.jpeg,https://imgd.aeplcdn.com/0x0/cw/makes/skoda.webp
Tata,Punch [2021-2026],2021,Discontinued,Punch,Petrol,,,https://imgd.aeplcdn.com/664x374/n/cw/ec/39015/punch-exterior-right-front-three-quarter-58.png,https://imgd.aeplcdn.com/0x0/cw/makes/tata.webp
Tata,Altroz [2020-2025],2020,Discontinued,Altroz,Petrol,,,https://imgd.aeplcdn.com/664x374/n/cw/ec/32597/tata-altroz-exterior-18.jpeg,https://imgd.aeplcdn.com/0x0/cw/makes/tata.webp
Tata,Harrier [2019-2023],2019,Discontinued,Harrier,Petrol,,,https://imgd.aeplcdn.com/664x374/n/cw/ec/32958/tata-harrier-right-front-three-quarter58.jpeg,https://imgd.aeplcdn.com/0x0/cw/makes/tata.webp
Tata,Punch EV [2024-2026],2024,Discontinued,Punch EV,Electric,,,https://imgd.aeplcdn.com/664x374/n/cw/ec/148309/punch-ev-exterior-right-front-three-quarter-11.png,https://imgd.aeplcdn.com/0x0/cw/makes/tata.webp
Tata,Safari [2021-2023],2021,Discontinued,Safari,Petrol,,,https://imgd.aeplcdn.com/664x374/n/cw/ec/40027/safari-exterior-right-front-three-quarter-2.jpeg,https://imgd.aeplcdn.com/0x0/cw/makes/tata.webp
Tata,Nexon [2020-2023],2020,Discontinued,Nexon,Petrol,,,https://imgd.aeplcdn.com/664x374/n/cw/ec/41645/tata-nexon-right-front-three-quarter3.jpeg,https://imgd.aeplcdn.com/0x0/cw/makes/tata.webp
Tata,Nexon EV [2020-2022],2020,Discontinued,Nexon EV,Electric,,,https://imgd.aeplcdn.com/664x374/n/cw/ec/42611/tata-nexon-ev-right-front-three-quarter6.jpeg,https://imgd.aeplcdn.com/0x0/cw/makes/tata.webp
Tata,Harrier Old Generation [2023-2023],2023,Discontinued,Harrier Old Generation,Petrol,,,https://imgd.aeplcdn.com/664x374/n/cw/ec/142739/harrier-exterior-right-front-three-quarter-3.jpeg,https://imgd.aeplcdn.com/0x0/cw/makes/tata.webp
Tata,Safari Old Generation [2023-2023],2023,Discontinued,Safari Old Generation,Petrol,,,https://imgd.aeplcdn.com/664x374/n/cw/ec/142865/safari-exterior-right-front-three-quarter-4.jpeg,https://imgd.aeplcdn.com/0x0/cw/makes/tata.webp
Tata,Nexon EV Max,2022,Discontinued,Nexon EV Max,Electric,,,https://imgd.aeplcdn.com/664x374/n/cw/ec/121341/nexon-ev-max-exterior-right-front-three-quarter-7.jpeg,https://imgd.aeplcdn.com/0x0/cw/makes/tata.webp
Tata,Tigor EV [2021-2022],2021,Discontinued,Tigor EV,Electric,,,https://imgd.aeplcdn.com/664x374/n/cw/ec/45849/tigor-ev-facelift-exterior-right-front-three-quarter-5.jpeg,https://imgd.aeplcdn.com/0x0/cw/makes/tata.webp
Tata,Hexa,2019,Discontinued,Hexa,Petrol,,,https://imgd.aeplcdn.com/664x374/cw/ec/38637/Tata-Hexa-Right-Front-Three-Quarter-171007.jpg,https://imgd.aeplcdn.com/0x0/cw/makes/tata.webp
Tata,Safari Storme 2019,2015,Discontinued,Safari Storme 2019,Petrol,,,https://imgd.aeplcdn.com/664x374/cw/ec/19040/Tata-Safari-Storme-Right-Front-Three-Quarter-153759.jpg,https://imgd.aeplcdn.com/0x0/cw/makes/tata.webp
Tata,Zest,2014,Discontinued,Zest,Petrol,,,https://imgd.aeplcdn.com/664x374/cw/ec/13976/Tata-Zest-Exterior-118092.jpg,https://imgd.aeplcdn.com/0x0/cw/makes/tata.webp
Tata,Sumo Gold,2013,Discontinued,Sumo Gold,Petrol,,,https://imgd.aeplcdn.com/664x374/ec/BD/f0/10752/img/m/Tata-Sumo-Gold-Right-Front-Three-Quarter-48868_ol.jpg,https://imgd.aeplcdn.com/0x0/cw/makes/tata.webp
Tata,Nexon EV Prime,2022,Discontinued,Nexon EV Prime,Electric,,,https://imgd.aeplcdn.com/664x374/n/cw/ec/126681/nexon-ev-prime-exterior-right-front-three-quarter-2.jpeg,https://imgd.aeplcdn.com/0x0/cw/makes/tata.webp
Tata,Nano,2015,Discontinued,Nano,Petrol,,,https://imgd.aeplcdn.com/664x374/cw/ec/10441/Tata-Nano-Exterior-118090.jpg,https://imgd.aeplcdn.com/0x0/cw/makes/tata.webp
Tata,Nexon [2017-2020],2017,Discontinued,Nexon,Petrol,,,https://imgd.aeplcdn.com/664x374/cw/ec/42611/Tata-Nexon-Exterior-172215.jpg,https://imgd.aeplcdn.com/0x0/cw/makes/tata.webp
Tata,Tiago NRG [2018-2020],2018,Discontinued,Tiago NRG,Petrol,,,https://imgd.aeplcdn.com/664x374/cw/ec/36039/Tata-Tiago-NRG-Right-Front-Three-Quarter-158328.jpg,https://imgd.aeplcdn.com/0x0/cw/makes/tata.webp
Tata,Tiago [2016-2020],2016,Discontinued,Tiago,Petrol,,,https://imgd.aeplcdn.com/664x374/cw/ec/20880/Tata-Tiago-Exterior-120831.jpg,https://imgd.aeplcdn.com/0x0/cw/makes/tata.webp
Tata,Xenon XT,2001,Discontinued,Xenon XT,Petrol,,,https://imgd.aeplcdn.com/664x374/ec/4c/26/10742/img/m/Tata-Xenon-XT-Right-Front-Three-Quarter-48885_ol.jpg,https://imgd.aeplcdn.com/0x0/cw/makes/tata.webp
Tata,Venture,2011,Discontinued,Venture,Petrol,,,https://imgd.aeplcdn.com/664x374/ec/f7/5C/10740/img/m/Tata-Venture-Right-Front-Three-Quarter-48863_ol.jpg,https://imgd.aeplcdn.com/0x0/cw/makes/tata.webp
Tata,Indica V2,2011,Discontinued,Indica V2,Petrol,,,https://imgd.aeplcdn.com/664x374/cw/cars/tata/indica-v2.jpg,https://imgd.aeplcdn.com/0x0/cw/makes/tata.webp
Tata,Nano GenX,2015,Discontinued,Nano GenX,Petrol,,,https://imgd.aeplcdn.com/664x374/cw/ec/18712/Tata-Nano-GenX-Exterior-122442.jpg,https://imgd.aeplcdn.com/0x0/cw/makes/tata.webp
Tata,Indigo eCS [2013-2018],2013,Discontinued,Indigo eCS,Petrol,,,https://imgd.aeplcdn.com/664x374/ec/45/1E/10734/img/m/Tata-Indigo-eCS-Right-Front-Three-Quarter-48867_ol.jpg,https://imgd.aeplcdn.com/0x0/cw/makes/tata.webp
Tata,Winger [2011-2016],2011,Discontinued,Winger,Petrol,,,https://imgd.aeplcdn.com/664x374/cw/cars/tata/winger.jpg,https://imgd.aeplcdn.com/0x0/cw/makes/tata.webp
Tata,Bolt,2015,Discontinued,Bolt,Petrol,,,https://imgd.aeplcdn.com/664x374/cw/ec/17402/Tata-Bolt-Right-Front-Three-Quarter-145389.jpg,https://imgd.aeplcdn.com/0x0/cw/makes/tata.webp
Tata,Manza [2011-2015],2011,Discontinued,Manza,Petrol,,,https://imgd.aeplcdn.com/664x374/cw/cars/tata/manza.jpg,https://imgd.aeplcdn.com/0x0/cw/makes/tata.webp
Tata,Indica,2012,Discontinued,Indica,Petrol,,,https://imgd.aeplcdn.com/664x374/cw/cars/tata/indica-ev2.jpg,https://imgd.aeplcdn.com/0x0/cw/makes/tata.webp
Tata,Tigor [2018-2020],2018,Discontinued,Tigor,Petrol,,,https://imgd.aeplcdn.com/664x374/cw/ec/36261/Tata-Tigor-Exterior-137896.jpg,https://imgd.aeplcdn.com/0x0/cw/makes/tata.webp
Tata,Tiago JTP,2018,Discontinued,Tiago JTP,Petrol,,,https://imgd.aeplcdn.com/664x374/cw/ec/36135/Tata-Tiago-JTP-Right-Front-Three-Quarter-166424.jpg,https://imgd.aeplcdn.com/0x0/cw/makes/tata.webp
Tata,Tigor JTP,2018,Discontinued,Tigor JTP,Petrol,,,https://imgd.aeplcdn.com/664x374/cw/ec/36442/Tata-Tigor-JTP-Right-Front-Three-Quarter-166421.jpg,https://imgd.aeplcdn.com/0x0/cw/makes/tata.webp
Tata,Vista Tech,2014,Discontinued,Vista Tech,Petrol,,,https://imgd.aeplcdn.com/664x374/cw/cars/tata/vista-tech.jpg,https://imgd.aeplcdn.com/0x0/cw/makes/tata.webp
Tata,Tigor [2017-2018],2017,Discontinued,Tigor,Petrol,,,https://imgd.aeplcdn.com/664x374/cw/ec/20014/Tata-Tigor-Exterior-118817.jpg,https://imgd.aeplcdn.com/0x0/cw/makes/tata.webp
Tata,Indigo CS [2008-2011],2008,Discontinued,Indigo CS,Petrol,,,https://imgd.aeplcdn.com/664x374/cw/cars/discontinued/tata/indigo-cs-2008-2011.jpg,https://imgd.aeplcdn.com/0x0/cw/makes/tata.webp
Tata,Indica Vista [2008-2011],2008,Discontinued,Indica Vista,Petrol,,,https://imgd.aeplcdn.com/664x374/cw/cars/discontinued/tata/indica-vista-2008-2011.jpg,https://imgd.aeplcdn.com/0x0/cw/makes/tata.webp
Tata,Sumo Grande MK II [2009-2014],2009,Discontinued,Sumo Grande MK II,Petrol,,,https://imgd.aeplcdn.com/664x374/cw/cars/discontinued/tata/sumo-grande-mk-ii-2009-2014.jpg,https://imgd.aeplcdn.com/0x0/cw/makes/tata.webp
Tata,Safari [2015-2017],2007,Discontinued,Safari,Petrol,,,https://imgd.aeplcdn.com/664x374/cw/ec/10757/Tata-Safari-Right-Front-Three-Quarter-79119.jpg,https://imgd.aeplcdn.com/0x0/cw/makes/tata.webp
Tata,Aria [2014-2017],2014,Discontinued,Aria,Petrol,,,https://imgd.aeplcdn.com/664x374/ec/08/52/10745/img/m/Tata-Aria-Right-Front-Three-Quarter-48886_ol.jpg,https://imgd.aeplcdn.com/0x0/cw/makes/tata.webp
Tata,Nano [2011-2013],2011,Discontinued,Nano,Petrol,,,https://imgd.aeplcdn.com/664x374/cw/cars/discontinued/tata/nano-2011-2013.jpg,https://imgd.aeplcdn.com/0x0/cw/makes/tata.webp
Tata,Indigo Marina [2004-2010],2004,Discontinued,Indigo Marina,Petrol,,,https://imgd.aeplcdn.com/664x374/cw/cars/discontinued/tata/indigo-marina-2004-2010.jpg,https://imgd.aeplcdn.com/0x0/cw/makes/tata.webp
Tata,Manza [2009-2011],2009,Discontinued,Manza,Petrol,,,https://imgd.aeplcdn.com/664x374/cw/cars/discontinued/tata/manza-2009-2011.jpg,https://imgd.aeplcdn.com/0x0/cw/makes/tata.webp
Tata,Safari Storme [2012-2015],2012,Discontinued,Safari Storme,Petrol,,,https://imgd.aeplcdn.com/664x374/cw/cars/discontinued/tata/safari-storme-2012-2015.jpg,https://imgd.aeplcdn.com/0x0/cw/makes/tata.webp
Tata,Safari [2005-2007],2005,Discontinued,Safari,Petrol,,,https://imgd.aeplcdn.com/664x374/cw/cars/discontinued/tata/safari-2005-2007.jpg,https://imgd.aeplcdn.com/0x0/cw/makes/tata.webp
Tata,Indica V2 [2006-2013],2006,Discontinued,Indica V2,Petrol,,,https://imgd.aeplcdn.com/664x374/cw/cars/discontinued/tata/indica-v2-2006-2013.jpg,https://imgd.aeplcdn.com/0x0/cw/makes/tata.webp
Tata,Hexa [2017-2019],2017,Discontinued,Hexa,Petrol,,,https://imgd.aeplcdn.com/664x374/cw/ec/26351/Tata-Hexa-Right-Front-Three-Quarter-96011.jpg,https://imgd.aeplcdn.com/0x0/cw/makes/tata.webp
Tata,Movus,2014,Discontinued,Movus,Petrol,,,https://imgd.aeplcdn.com/664x374/cw/cars/tata/movus.jpg,https://imgd.aeplcdn.com/0x0/cw/makes/tata.webp
Tata,Aria [2010-2014],2010,Discontinued,Aria,Petrol,,,https://imgd.aeplcdn.com/664x374/cw/cars/discontinued/tata/aria-2010-2014.jpg,https://imgd.aeplcdn.com/0x0/cw/makes/tata.webp
Tata,Indica eV2 [2012-2013],2012,Discontinued,Indica eV2,Electric,,,https://imgd.aeplcdn.com/664x374/cw/cars/discontinued/tata/indica-ev2-2012-2013.jpg,https://imgd.aeplcdn.com/0x0/cw/makes/tata.webp
Tata,Safari [1998-2005],1998,Discontinued,Safari,Petrol,,,https://imgd.aeplcdn.com/664x374/cw/cars/discontinued/tata/safari-1998-2005.jpg,https://imgd.aeplcdn.com/0x0/cw/makes/tata.webp
Tata,Indigo XL [2007-2011],2007,Discontinued,Indigo XL,Petrol,,,https://imgd.aeplcdn.com/664x374/cw/cars/discontinued/tata/indigo-xl-2007-2011.jpg,https://imgd.aeplcdn.com/0x0/cw/makes/tata.webp
Tata,Indigo eCS [2010-2013],2010,Discontinued,Indigo eCS,Petrol,,,https://imgd.aeplcdn.com/664x374/cw/cars/discontinued/tata/indigo-ecs-2010-2013.jpg,https://imgd.aeplcdn.com/0x0/cw/makes/tata.webp
Tata,Sumo Grande [2008-2009],2008,Discontinued,Sumo Grande,Petrol,,,https://imgd.aeplcdn.com/664x374/cw/cars/discontinued/tata/sumo-grande-2008-2009.jpg,https://imgd.aeplcdn.com/0x0/cw/makes/tata.webp
Tata,Indica eV2 [2011-2012],2011,Discontinued,Indica eV2,Electric,,,https://imgd.aeplcdn.com/664x374/cw/cars/discontinued/tata/indica-ev2-2011-2012.jpg,https://imgd.aeplcdn.com/0x0/cw/makes/tata.webp
Tata,1991 Sierra [1991-2003],1991,Discontinued,Sierra,Petrol,,,https://imgd.aeplcdn.com/664x374/n/cw/ec/212509/sierra-1991-exterior-left-front-three-quarter.jpeg,https://imgd.aeplcdn.com/0x0/cw/makes/tata.webp
Tata,Nano [2009-2011],2009,Discontinued,Nano,Petrol,,,https://imgd.aeplcdn.com/664x374/cw/cars/discontinued/tata/nano-2009-2011.jpg,https://imgd.aeplcdn.com/0x0/cw/makes/tata.webp
Tata,Indica V2 [2003-2006],2003,Discontinued,Indica V2,Petrol,,,https://imgd.aeplcdn.com/664x374/cw/cars/discontinued/tata/indica-v2-2003-2006.jpg,https://imgd.aeplcdn.com/0x0/cw/makes/tata.webp
Tata,TL,,Discontinued,TL,Petrol,,,https://imgd.aeplcdn.com/664x374/cw/cars/discontinued/tata/tl.jpg,https://imgd.aeplcdn.com/0x0/cw/makes/tata.webp
Tata,Indica V2 [2001-2003],2001,Discontinued,Indica V2,Petrol,,,https://imgd.aeplcdn.com/664x374/cw/cars/discontinued/tata/indica-v2-2001-2003.jpg,https://imgd.aeplcdn.com/0x0/cw/makes/tata.webp
Tata,Tigor EV [2019-2021],2019,Discontinued,Tigor EV,Electric,,,https://imgd.aeplcdn.com/664x374/n/cw/ec/40451/tata-tigor-ev-exterior-1.jpeg,https://imgd.aeplcdn.com/0x0/cw/makes/tata.webp
Tata,Punch,2026,Active,Punch,Petrol,,,https://imgd.aeplcdn.com/664x374/n/cw/ec/172825/punch-facelift-exterior-right-front-three-quarter.png,https://imgd.aeplcdn.com/0x0/cw/makes/tata.webp
Tata,Sierra,2025,Active,Sierra,Petrol,,,https://imgd.aeplcdn.com/664x374/n/cw/ec/193017/sierra-exterior-right-front-three-quarter-61.png,https://imgd.aeplcdn.com/0x0/cw/makes/tata.webp
Tata,Nexon,2023,Active,Nexon,Petrol,,,https://imgd.aeplcdn.com/664x374/n/cw/ec/141867/nexon-exterior-right-front-three-quarter-79.png,https://imgd.aeplcdn.com/0x0/cw/makes/tata.webp
Tata,Tiago,2020,Active,Tiago,Petrol,,,https://imgd.aeplcdn.com/664x374/n/cw/ec/39345/tiago-exterior-right-front-three-quarter-34.png,https://imgd.aeplcdn.com/0x0/cw/makes/tata.webp
Tata,Harrier,2023,Active,Harrier,Petrol,,,https://imgd.aeplcdn.com/664x374/n/cw/ec/139139/harrier-exterior-right-front-three-quarter-7.png,https://imgd.aeplcdn.com/0x0/cw/makes/tata.webp
Tata,Punch EV,2026,Active,Punch EV,Electric,,,https://imgd.aeplcdn.com/664x374/n/cw/ec/217141/punch-ev-facelift-exterior-right-front-three-quarter-4.png,https://imgd.aeplcdn.com/0x0/cw/makes/tata.webp
Tata,Curvv,2024,Active,Curvv,Petrol,,,https://imgd.aeplcdn.com/664x374/n/cw/ec/139651/curvv-exterior-right-front-three-quarter-16.png,https://imgd.aeplcdn.com/0x0/cw/makes/tata.webp
Tata,Safari,2023,Active,Safari,Petrol,,,https://imgd.aeplcdn.com/664x374/n/cw/ec/138895/safari-exterior-right-front-three-quarter-40.png,https://imgd.aeplcdn.com/0x0/cw/makes/tata.webp
Tata,Altroz,2025,Active,Altroz,Petrol,,,https://imgd.aeplcdn.com/664x374/n/cw/ec/199863/altroz-exterior-right-front-three-quarter-13.png,https://imgd.aeplcdn.com/0x0/cw/makes/tata.webp
Tata,Harrier EV,2025,Active,Harrier EV,Electric,,,https://imgd.aeplcdn.com/664x374/n/cw/ec/139585/harrier-ev-exterior-right-front-three-quarter-58.png,https://imgd.aeplcdn.com/0x0/cw/makes/tata.webp
Tata,Nexon EV,2023,Active,Nexon EV,Electric,,,https://imgd.aeplcdn.com/664x374/n/cw/ec/149123/nexon-ev-exterior-right-front-three-quarter-80.png,https://imgd.aeplcdn.com/0x0/cw/makes/tata.webp
Tata,Tigor,2020,Active,Tigor,Petrol,,,https://imgd.aeplcdn.com/664x374/n/cw/ec/41160/tigor-exterior-right-front-three-quarter-25.png,https://imgd.aeplcdn.com/0x0/cw/makes/tata.webp
Tata,Tiago EV,2022,Active,Tiago EV,Electric,,,https://imgd.aeplcdn.com/664x374/n/cw/ec/40453/tiago-ev-exterior-right-front-three-quarter-15.png,https://imgd.aeplcdn.com/0x0/cw/makes/tata.webp
Tata,Curvv EV,2024,Active,Curvv EV,Electric,,,https://imgd.aeplcdn.com/664x374/n/cw/ec/115617/curvv-ev-exterior-right-front-three-quarter-8.png,https://imgd.aeplcdn.com/0x0/cw/makes/tata.webp
Tata,Tiago NRG,2021,Active,Tiago NRG,Petrol,,,https://imgd.aeplcdn.com/664x374/n/cw/ec/99113/tiago-nrg-exterior-right-front-three-quarter-8.png,https://imgd.aeplcdn.com/0x0/cw/makes/tata.webp
Tata,Tigor EV,2022,Active,Tigor EV,Electric,,,https://imgd.aeplcdn.com/664x374/n/cw/ec/135723/tigor-ev-exterior-right-front-three-quarter-4.png,https://imgd.aeplcdn.com/0x0/cw/makes/tata.webp
Tata,Sierra EV,2026,Upcoming,Sierra EV,Electric,,,https://imgd.aeplcdn.com/664x374/n/cw/ec/139467/sierra-ev-exterior-right-front-three-quarter.jpeg,https://imgd.aeplcdn.com/0x0/cw/makes/tata.webp
Tata,Avinya,2026,Upcoming,Avinya,Electric,,,https://imgd.aeplcdn.com/664x374/n/cw/ec/121335/avinya-concept-exterior-left-front-three-quarter.jpeg,https://imgd.aeplcdn.com/0x0/cw/makes/tata.webp
Tata,Safari EV,2026,Upcoming,Safari EV,Electric,,,https://imgd.aeplcdn.com/664x374/n/cw/ec/155631/safari-ev-exterior-right-front-three-quarter-2.jpeg,https://imgd.aeplcdn.com/0x0/cw/makes/tata.webp
Tata,Altroz EV,2027,Upcoming,Altroz EV,Electric,,,https://imgd.aeplcdn.com/664x374/n/cw/ec/46800/altroz-ev-exterior-left-front-three-quarter.png,https://imgd.aeplcdn.com/0x0/cw/makes/tata.webp
Tata,Tiago EV Facelift,2026,Upcoming,Tiago EV Facelift,Electric,,,https://imgd.aeplcdn.com/664x374/n/cw/ec/218950/tiago-ev-facelift-exterior-right-front-three-quarter.avif,https://imgd.aeplcdn.com/0x0/cw/makes/tata.webp
Toyota,Innova Crysta [2016-2020],2016,Discontinued,Innova Crysta,Petrol,,,https://imgd.aeplcdn.com/664x374/n/cw/ec/20623/innova-crysta-exterior-right-front-three-quarter.jpeg,https://imgd.aeplcdn.com/0x0/cw/makes/toyota.webp
Toyota,Innova Crysta [2020-2023],2020,Discontinued,Innova Crysta,Petrol,,,https://imgd.aeplcdn.com/664x374/n/cw/ec/51435/innova-crysta-exterior-right-front-three-quarter-3.jpeg,https://imgd.aeplcdn.com/0x0/cw/makes/toyota.webp
Toyota,Fortuner [2016-2021],2016,Discontinued,Fortuner,Petrol,,,https://imgd.aeplcdn.com/664x374/n/cw/ec/19812/fortuner-exterior-right-front-three-quarter-2.jpeg,https://imgd.aeplcdn.com/0x0/cw/makes/toyota.webp
Toyota,Urban Cruiser,2020,Discontinued,Urban Cruiser,Petrol,,,https://imgd.aeplcdn.com/664x374/n/cw/ec/47016/urban-cruiser-exterior-right-front-three-quarter-61.jpeg,https://imgd.aeplcdn.com/0x0/cw/makes/toyota.webp
Toyota,Glanza [2019-2022],2019,Discontinued,Glanza,Petrol,,,https://imgd.aeplcdn.com/664x374/n/cw/ec/39545/glanza-exterior-right-front-three-quarter-159523.jpeg,https://imgd.aeplcdn.com/0x0/cw/makes/toyota.webp
Toyota,Yaris,2018,Discontinued,Yaris,Petrol,,,https://imgd.aeplcdn.com/664x374/n/cw/ec/32943/yaris-exterior-right-front-three-quarter-2.jpeg,https://imgd.aeplcdn.com/0x0/cw/makes/toyota.webp
Toyota,Camry [2019-2022],2019,Discontinued,Camry,Petrol,,,https://imgd.aeplcdn.com/664x374/cw/ec/37561/Toyota-Camry-Right-Front-Three-Quarter-146683.jpg,https://imgd.aeplcdn.com/0x0/cw/makes/toyota.webp
Toyota,Rush,2024,Discontinued,Rush,Petrol,,,https://imgd.aeplcdn.com/664x374/n/cw/ec/143937/rush-exterior-left-front-three-quarter.jpeg,https://imgd.aeplcdn.com/0x0/cw/makes/toyota.webp
Toyota,Camry [2022-2024],2022,Discontinued,Camry,Petrol,,,https://imgd.aeplcdn.com/664x374/n/cw/ec/110233/camry-exterior-right-front-three-quarter-3.jpeg,https://imgd.aeplcdn.com/0x0/cw/makes/toyota.webp
Toyota,Platinum Etios,2016,Discontinued,Platinum Etios,Petrol,,,https://imgd.aeplcdn.com/664x374/cw/ec/24731/Toyota-Platinum-Etios-Exterior-119077.jpg,https://imgd.aeplcdn.com/0x0/cw/makes/toyota.webp
Toyota,Land Cruiser [2015-2020],2015,Discontinued,Land Cruiser,Petrol,,,https://imgd.aeplcdn.com/664x374/cw/ec/20695/Toyota-Land-Cruiser-Right-Front-Three-Quarter-60016.jpg,https://imgd.aeplcdn.com/0x0/cw/makes/toyota.webp
Toyota,Etios Liva,2016,Discontinued,Etios Liva,Petrol,,,https://imgd.aeplcdn.com/664x374/cw/ec/24898/Toyota-Etios-Liva-Exterior-127727.jpg,https://imgd.aeplcdn.com/0x0/cw/makes/toyota.webp
Toyota,Corolla Altis,2017,Discontinued,Corolla Altis,Petrol,,,https://imgd.aeplcdn.com/664x374/cw/ec/26588/Toyota-Corolla-Altis-Exterior-92974.jpg,https://imgd.aeplcdn.com/0x0/cw/makes/toyota.webp
Toyota,Vellfire [2020-2023],2020,Discontinued,Vellfire,Petrol,,,https://imgd.aeplcdn.com/664x374/n/cw/ec/41217/toyota-vellfire-right-front-three-quarter5.jpeg,https://imgd.aeplcdn.com/0x0/cw/makes/toyota.webp
Toyota,Land Cruiser Prado,2012,Discontinued,Land Cruiser Prado,Petrol,,,https://imgd.aeplcdn.com/664x374/cw/ec/10219/Toyota-Land-Cruiser-Prado-Exterior-127835.jpg,https://imgd.aeplcdn.com/0x0/cw/makes/toyota.webp
Toyota,Etios Cross,2014,Discontinued,Etios Cross,Petrol,,,https://imgd.aeplcdn.com/664x374/ec/06/13/18034/img/m/Toyota-Etios-Cross-Right-Front-Three-Quarter-49066_ol.jpg,https://imgd.aeplcdn.com/0x0/cw/makes/toyota.webp
Toyota,Innova [2015-2016],2015,Discontinued,Innova,Petrol,,,https://imgd.aeplcdn.com/664x374/cw/ec/14545/Toyota-Innova-Right-Front-Three-Quarter-72626.jpg,https://imgd.aeplcdn.com/0x0/cw/makes/toyota.webp
Toyota,Fortuner [2012-2016],2012,Discontinued,Fortuner,Petrol,,,https://imgd.aeplcdn.com/664x374/cw/cars/toyota/fortuner.jpg,https://imgd.aeplcdn.com/0x0/cw/makes/toyota.webp
Toyota,Innova [2013-2014],2013,Discontinued,Innova,Petrol,,,https://imgd.aeplcdn.com/664x374/cw/cars/discontinued/toyota/innova-2013-2014.jpg,https://imgd.aeplcdn.com/0x0/cw/makes/toyota.webp
Toyota,Belta,2025,Discontinued,Belta,Petrol,,,https://imgd.aeplcdn.com/664x374/n/cw/ec/105735/exterior-front-view.jpeg,https://imgd.aeplcdn.com/0x0/cw/makes/toyota.webp
Toyota,Corolla Altis [2014-2017],2014,Discontinued,Corolla Altis,Petrol,,,https://imgd.aeplcdn.com/664x374/cw/cars/toyota/corolla-altis.jpg,https://imgd.aeplcdn.com/0x0/cw/makes/toyota.webp
Toyota,Innova [2005-2009],2005,Discontinued,Innova,Petrol,,,https://imgd.aeplcdn.com/664x374/cw/cars/discontinued/toyota/innova-2005-2009.jpg,https://imgd.aeplcdn.com/0x0/cw/makes/toyota.webp
Toyota,Etios [2014-2016],2014,Discontinued,Etios,Petrol,,,https://imgd.aeplcdn.com/664x374/cw/cars/toyota/etios.jpg,https://imgd.aeplcdn.com/0x0/cw/makes/toyota.webp
Toyota,Etios [2013-2014],2013,Discontinued,Etios,Petrol,,,https://imgd.aeplcdn.com/664x374/cw/cars/discontinued/toyota/etios-2013-2014.jpg,https://imgd.aeplcdn.com/0x0/cw/makes/toyota.webp
Toyota,Innova [2012-2013],2012,Discontinued,Innova,Petrol,,,https://imgd.aeplcdn.com/664x374/cw/cars/discontinued/toyota/innova-2012-2013.jpg,https://imgd.aeplcdn.com/0x0/cw/makes/toyota.webp
Toyota,Corolla Altis [2011-2014],2011,Discontinued,Corolla Altis,Petrol,,,https://imgd.aeplcdn.com/664x374/cw/cars/discontinued/toyota/corolla-altis-2011-2014.jpg,https://imgd.aeplcdn.com/0x0/cw/makes/toyota.webp
Toyota,Etios [2010-2013],2010,Discontinued,Etios,Petrol,,,https://imgd.aeplcdn.com/664x374/cw/cars/discontinued/toyota/etios-2010-2013.jpg,https://imgd.aeplcdn.com/0x0/cw/makes/toyota.webp
Toyota,Corolla Altis [2008-2011],2008,Discontinued,Corolla Altis,Petrol,,,https://imgd.aeplcdn.com/664x374/cw/cars/discontinued/toyota/corolla-altis-2008-2011.jpg,https://imgd.aeplcdn.com/0x0/cw/makes/toyota.webp
Toyota,Prius,2017,Discontinued,Prius,Petrol,,,https://imgd.aeplcdn.com/664x374/cw/ec/22566/Toyota-Prius-Right-Front-Three-Quarter-90763.jpg,https://imgd.aeplcdn.com/0x0/cw/makes/toyota.webp
Toyota,Fortuner [2009-2012],2009,Discontinued,Fortuner,Petrol,,,https://imgd.aeplcdn.com/664x374/cw/cars/discontinued/toyota/fortuner-2009-2012.jpg,https://imgd.aeplcdn.com/0x0/cw/makes/toyota.webp
Toyota,Qualis [2002-2004],2002,Discontinued,Qualis,Petrol,,,https://imgd.aeplcdn.com/664x374/cw/cars/discontinued/toyota/qualis-2002-2004.jpg,https://imgd.aeplcdn.com/0x0/cw/makes/toyota.webp
Toyota,Innova [2009-2012],2009,Discontinued,Innova,Petrol,,,https://imgd.aeplcdn.com/664x374/cw/cars/discontinued/toyota/innova-2009-2012.jpg,https://imgd.aeplcdn.com/0x0/cw/makes/toyota.webp
Toyota,Qualis [2000-2002],2000,Discontinued,Qualis,Petrol,,,https://imgd.aeplcdn.com/664x374/cw/cars/discontinued/toyota/qualis-2000-2002.jpg,https://imgd.aeplcdn.com/0x0/cw/makes/toyota.webp
Toyota,Etios Liva [2013-2014],2013,Discontinued,Etios Liva,Petrol,,,https://imgd.aeplcdn.com/664x374/cw/cars/discontinued/toyota/etios-liva-2013-2014.jpg,https://imgd.aeplcdn.com/0x0/cw/makes/toyota.webp
Toyota,Etios Liva [2014-2016],2014,Discontinued,Etios Liva,Petrol,,,https://imgd.aeplcdn.com/664x374/cw/cars/toyota/etios-liva.jpg,https://imgd.aeplcdn.com/0x0/cw/makes/toyota.webp
Toyota,Etios Liva [2011-2013],2011,Discontinued,Etios Liva,Petrol,,,https://imgd.aeplcdn.com/664x374/cw/cars/discontinued/toyota/etios-liva-2011-2013.jpg,https://imgd.aeplcdn.com/0x0/cw/makes/toyota.webp
Toyota,Camry [2015-2019],2015,Discontinued,Camry,Petrol,,,https://imgd.aeplcdn.com/664x374/cw/ec/18516/Toyota-Camry-Interior-118580.jpg,https://imgd.aeplcdn.com/0x0/cw/makes/toyota.webp
Toyota,Land Cruiser [2011-2015],2011,Discontinued,Land Cruiser,Petrol,,,https://imgd.aeplcdn.com/664x374/cw/cars/toyota/land-cruiser.jpg,https://imgd.aeplcdn.com/0x0/cw/makes/toyota.webp
Toyota,Land Cruiser Prado [2004-2011],2004,Discontinued,Land Cruiser Prado,Petrol,,,https://imgd.aeplcdn.com/664x374/cw/cars/discontinued/toyota/land-cruiser-prado-2004-2011.jpg,https://imgd.aeplcdn.com/0x0/cw/makes/toyota.webp
Toyota,Camry [2012-2015],2012,Discontinued,Camry,Petrol,,,https://imgd.aeplcdn.com/664x374/cw/cars/discontinued/toyota/camry-2012-2015.jpg,https://imgd.aeplcdn.com/0x0/cw/makes/toyota.webp
Toyota,Camry [2006-2012],2006,Discontinued,Camry,Petrol,,,https://imgd.aeplcdn.com/664x374/cw/cars/discontinued/toyota/camry-2006-2012.jpg,https://imgd.aeplcdn.com/0x0/cw/makes/toyota.webp
Toyota,Prius [2009-2016],2009,Discontinued,Prius,Petrol,,,https://imgd.aeplcdn.com/664x374/cw/cars/toyota/prius.jpg,https://imgd.aeplcdn.com/0x0/cw/makes/toyota.webp
Toyota,Land Cruiser [2009-2011],2009,Discontinued,Land Cruiser,Petrol,,,https://imgd.aeplcdn.com/664x374/cw/cars/discontinued/toyota/land-cruiser-2009-2011.jpg,https://imgd.aeplcdn.com/0x0/cw/makes/toyota.webp
Toyota,Camry [2002-2006],2002,Discontinued,Camry,Petrol,,,https://imgd.aeplcdn.com/664x374/cw/cars/discontinued/toyota/camry-2002-2006.jpg,https://imgd.aeplcdn.com/0x0/cw/makes/toyota.webp
Toyota,Urban Cruiser Hyryder,2022,Active,Urban Cruiser Hyryder,Petrol,,,https://imgd.aeplcdn.com/664x374/n/cw/ec/124027/hyryder-exterior-right-front-three-quarter-74.png,https://imgd.aeplcdn.com/0x0/cw/makes/toyota.webp
Toyota,Innova Hycross,2022,Active,Innova Hycross,Petrol,,,https://imgd.aeplcdn.com/664x374/n/cw/ec/115025/innova-hycross-exterior-right-front-three-quarter-74.png,https://imgd.aeplcdn.com/0x0/cw/makes/toyota.webp
Toyota,Fortuner,2021,Active,Fortuner,Petrol,,,https://imgd.aeplcdn.com/664x374/n/cw/ec/44709/fortuner-exterior-right-front-three-quarter-28.png,https://imgd.aeplcdn.com/0x0/cw/makes/toyota.webp
Toyota,Urban Cruiser Taisor,2024,Active,Urban Cruiser Taisor,Petrol,,,https://imgd.aeplcdn.com/664x374/n/cw/ec/132427/taisor-exterior-right-front-three-quarter-41.png,https://imgd.aeplcdn.com/0x0/cw/makes/toyota.webp
Toyota,Glanza,2022,Active,Glanza,Petrol,,,https://imgd.aeplcdn.com/664x374/n/cw/ec/112839/glanza-exterior-right-front-three-quarter-6.png,https://imgd.aeplcdn.com/0x0/cw/makes/toyota.webp
Toyota,Innova Crysta,2023,Active,Innova Crysta,Petrol,,,https://imgd.aeplcdn.com/664x374/n/cw/ec/140809/innova-crysta-exterior-right-front-three-quarter-3.png,https://imgd.aeplcdn.com/0x0/cw/makes/toyota.webp
Toyota,Rumion,2023,Active,Rumion,Petrol,,,https://imgd.aeplcdn.com/664x374/n/cw/ec/105799/rumion-exterior-right-front-three-quarter-8.png,https://imgd.aeplcdn.com/0x0/cw/makes/toyota.webp
Toyota,Hilux,2022,Active,Hilux,Petrol,,,https://imgd.aeplcdn.com/664x374/n/cw/ec/109265/hilux-exterior-right-front-three-quarter-44.png,https://imgd.aeplcdn.com/0x0/cw/makes/toyota.webp
Toyota,Fortuner Legender,2021,Active,Fortuner Legender,Petrol,,,https://imgd.aeplcdn.com/664x374/n/cw/ec/137767/fortuner-legender-exterior-right-front-three-quarter-5.png,https://imgd.aeplcdn.com/0x0/cw/makes/toyota.webp
Toyota,Vellfire,2023,Active,Vellfire,Petrol,,,https://imgd.aeplcdn.com/664x374/n/cw/ec/154483/vellfire-exterior-right-front-three-quarter-4.png,https://imgd.aeplcdn.com/0x0/cw/makes/toyota.webp
Toyota,Camry,2024,Active,Camry,Petrol,,,https://imgd.aeplcdn.com/664x374/n/cw/ec/192443/camry-exterior-right-front-three-quarter-15.png,https://imgd.aeplcdn.com/0x0/cw/makes/toyota.webp
Toyota,Land Cruiser,2022,Active,Land Cruiser,Petrol,,,https://imgd.aeplcdn.com/664x374/n/cw/ec/139739/land-cruiser-exterior-right-front-three-quarter-3.png,https://imgd.aeplcdn.com/0x0/cw/makes/toyota.webp
Toyota,Urban Cruiser Ebella,2026,Upcoming,Urban Cruiser Ebella,Petrol,,,https://imgd.aeplcdn.com/664x374/n/cw/ec/191295/urban-cruiser-ebella-exterior-right-front-three-quarter-14.png,https://imgd.aeplcdn.com/0x0/cw/makes/toyota.webp
Toyota,New Land Cruiser FJ,2028,Upcoming,New Land Cruiser FJ,Petrol,,,https://imgd.aeplcdn.com/664x374/n/cw/ec/212025/exterior-right-front-three-quarter.jpeg,https://imgd.aeplcdn.com/0x0/cw/makes/toyota.webp
Toyota,Fortuner Facelift,2026,Upcoming,Fortuner Facelift,Petrol,,,https://imgd.aeplcdn.com/664x374/n/cw/ec/218734/fortuner-facelift-exterior-right-front-three-quarter.avif,https://imgd.aeplcdn.com/0x0/cw/makes/toyota.webp
Toyota,Urban Cruiser Hyryder 7 seater,2026,Upcoming,Urban Cruiser Hyryder 7 seater,Petrol,,,https://imgd.aeplcdn.com/664x374/n/cw/ec/201657/urban-cruiser-hyryder-7-seater-exterior-rear-view.jpeg,https://imgd.aeplcdn.com/0x0/cw/makes/toyota.webp
Toyota,BZ4X,2026,Upcoming,BZ4X,Petrol,,,https://imgd.aeplcdn.com/664x374/n/cw/ec/163403/bz4x-exterior-left-front-three-quarter.jpeg,https://imgd.aeplcdn.com/0x0/cw/makes/toyota.webp
Audi,Q2,2020,Discontinued,Q2,Petrol,,,https://imgd.aeplcdn.com/664x374/n/cw/ec/22801/q2-exterior-right-front-three-quarter-70077.jpeg,https://imgd.aeplcdn.com/0x0/cw/makes/audi.webp
Audi,RS Q8 [2020-2025],2020,Discontinued,RS Q8,Petrol,,,https://imgd.aeplcdn.com/664x374/n/cw/ec/49294/rs-q8-exterior-right-front-three-quarter-6.jpeg,https://imgd.aeplcdn.com/0x0/cw/makes/audi.webp
Audi,RS7 Sportback,2020,Discontinued,RS7 Sportback,Petrol,,,https://imgd.aeplcdn.com/664x374/n/cw/ec/48342/rs7-sportback-exterior-right-front-three-quarter-3.jpeg,https://imgd.aeplcdn.com/0x0/cw/makes/audi.webp
Audi,New A3,2023,Discontinued,New A3,Petrol,,,https://imgd.aeplcdn.com/664x374/n/cw/ec/47030/new-a3-exterior-right-front-three-quarter-6.jpeg,https://imgd.aeplcdn.com/0x0/cw/makes/audi.webp
Audi,A8 L [2018-2022],2020,Discontinued,A8 L,Petrol,,,https://imgd.aeplcdn.com/664x374/cw/ec/37410/Audi-New-A8-L-Exterior-170120.jpg,https://imgd.aeplcdn.com/0x0/cw/makes/audi.webp
Audi,Q3 [2017-2020],2017,Discontinued,Q3,Petrol,,,https://imgd.aeplcdn.com/664x374/cw/ec/26916/Audi-Q3-Right-Front-Three-Quarter-165496.jpg,https://imgd.aeplcdn.com/0x0/cw/makes/audi.webp
Audi,Q7 [2022-2024],2022,Discontinued,Q7,Petrol,,,https://imgd.aeplcdn.com/664x374/n/cw/ec/22803/audi-q7-facelift-right-front-three-quarter4.jpeg,https://imgd.aeplcdn.com/0x0/cw/makes/audi.webp
Audi,Q7 [2015-2020],2015,Discontinued,Q7,Petrol,,,https://imgd.aeplcdn.com/664x374/cw/ec/26521/Audi-Q7-Right-Front-Three-Quarter-165498.jpg,https://imgd.aeplcdn.com/0x0/cw/makes/audi.webp
Audi,A4 [2016-2020],2016,Discontinued,A4,Petrol,,,https://imgd.aeplcdn.com/664x374/cw/ec/22613/Audi-A4-Right-Front-Three-Quarter-165484.jpg,https://imgd.aeplcdn.com/0x0/cw/makes/audi.webp
Audi,A3 [2017-2020],2017,Discontinued,A3,Petrol,,,https://imgd.aeplcdn.com/664x374/cw/ec/28430/Audi-A3-Right-Front-Three-Quarter-165478.jpg,https://imgd.aeplcdn.com/0x0/cw/makes/audi.webp
Audi,Q8 [2020-2024],2020,Discontinued,Q8,Petrol,,,https://imgd.aeplcdn.com/664x374/n/cw/ec/34470/q8-exterior-right-front-three-quarter-2.jpeg,https://imgd.aeplcdn.com/0x0/cw/makes/audi.webp
Audi,Q5 [2018-2020],2018,Discontinued,Q5,Petrol,,,https://imgd.aeplcdn.com/664x374/cw/ec/26521/Audi-Q5-Exterior-165497.jpg,https://imgd.aeplcdn.com/0x0/cw/makes/audi.webp
Audi,A3 Cabriolet,2014,Discontinued,A3 Cabriolet,Petrol,,,https://imgd.aeplcdn.com/664x374/cw/ec/16647/Audi-A3-Cabriolet-Right-Front-Three-Quarter-165523.jpg,https://imgd.aeplcdn.com/0x0/cw/makes/audi.webp
Audi,R8,2016,Discontinued,R8,Petrol,,,https://imgd.aeplcdn.com/664x374/cw/ec/21724/Audi-R8-Right-Front-Three-Quarter-66713.jpg,https://imgd.aeplcdn.com/0x0/cw/makes/audi.webp
Audi,A5,2017,Discontinued,A5,Petrol,,,https://imgd.aeplcdn.com/664x374/cw/ec/31252/Audi-A5-Right-Front-Three-Quarter-165509.jpg,https://imgd.aeplcdn.com/0x0/cw/makes/audi.webp
Audi,A5 Cabriolet,2017,Discontinued,A5 Cabriolet,Petrol,,,https://imgd.aeplcdn.com/664x374/cw/ec/31305/Audi-A5-Cabriolet-Exterior-108960.jpg,https://imgd.aeplcdn.com/0x0/cw/makes/audi.webp
Audi,A6 [2015-2019],2015,Discontinued,A6,Petrol,,,https://imgd.aeplcdn.com/664x374/cw/ec/19796/Audi-A6-Right-Front-Three-Quarter-165485.jpg,https://imgd.aeplcdn.com/0x0/cw/makes/audi.webp
Audi,TT,2015,Discontinued,TT,Petrol,,,https://imgd.aeplcdn.com/664x374/ec/c5/3E/18867/img/m/Audi-TT-Right-Front-Three-Quarter-52278_ol.jpg,https://imgd.aeplcdn.com/0x0/cw/makes/audi.webp
Audi,RS5 [2018-2020],2018,Discontinued,RS5,Petrol,,,https://imgd.aeplcdn.com/664x374/cw/ec/34028/Audi-RS5-Exterior-125266.jpg,https://imgd.aeplcdn.com/0x0/cw/makes/audi.webp
Audi,Q7 [2010 - 2015],2010,Discontinued,Q7 [2010 - 2015],Petrol,,,https://imgd.aeplcdn.com/664x374/cw/cars/audi/q7.jpg,https://imgd.aeplcdn.com/0x0/cw/makes/audi.webp
Audi,A4 [2013-2016],2013,Discontinued,A4,Petrol,,,https://imgd.aeplcdn.com/664x374/cw/ec/10820/Audi-A4-Right-Front-Three-Quarter-56157.jpg,https://imgd.aeplcdn.com/0x0/cw/makes/audi.webp
Audi,Q3 [2015-2017],2015,Discontinued,Q3,Petrol,,,https://imgd.aeplcdn.com/664x374/cw/ec/19252/Audi-Q3-Right-Front-Three-Quarter-75908.jpg,https://imgd.aeplcdn.com/0x0/cw/makes/audi.webp
Audi,Q5 [2013-2018],2013,Discontinued,Q5,Petrol,,,https://imgd.aeplcdn.com/664x374/ec/42/6B/9892/img/m/Audi-Q5-Right-Front-Three-Quarter-48948_ol.jpg,https://imgd.aeplcdn.com/0x0/cw/makes/audi.webp
Audi,A3 [2014-2017],2014,Discontinued,A3,Petrol,,,https://imgd.aeplcdn.com/664x374/cw/cars/audi/a3.jpg,https://imgd.aeplcdn.com/0x0/cw/makes/audi.webp
Audi,Q3 [2012-2015],2012,Discontinued,Q3,Petrol,,,https://imgd.aeplcdn.com/664x374/ec/AB/19/10824/img/m/Audi-Q3-Right-Front-Three-Quarter-48946_ol.jpg,https://imgd.aeplcdn.com/0x0/cw/makes/audi.webp
Audi,A6[2011-2015],2011,Discontinued,A6,Petrol,,,https://imgd.aeplcdn.com/664x374/cw/cars/audi/a6.jpg,https://imgd.aeplcdn.com/0x0/cw/makes/audi.webp
Audi,RS7 Sportback [2015-2020],2015,Discontinued,RS7 Sportback,Petrol,,,https://imgd.aeplcdn.com/664x374/cw/ec/18836/Audi-RS7-Sportback-Right-Front-Three-Quarter-83816.jpg,https://imgd.aeplcdn.com/0x0/cw/makes/audi.webp
Audi,RS6,2015,Discontinued,RS6,Petrol,,,https://imgd.aeplcdn.com/664x374/cw/cars/audi/rs6.jpg,https://imgd.aeplcdn.com/0x0/cw/makes/audi.webp
Audi,S6,2015,Discontinued,S6,Petrol,,,https://imgd.aeplcdn.com/664x374/cw/ec/11934/Audi-S6-Exterior-98807.jpg,https://imgd.aeplcdn.com/0x0/cw/makes/audi.webp
Audi,A8 L [2014-2018],2014,Discontinued,A8 L,Petrol,,,https://imgd.aeplcdn.com/664x374/ec/9f/29/12119/img/m/Audi-A8-L-Right-Front-Three-Quarter-48910_ol.jpg,https://imgd.aeplcdn.com/0x0/cw/makes/audi.webp
Audi,R8 [2013-2016],2013,Discontinued,R8,Petrol,,,https://imgd.aeplcdn.com/664x374/cw/cars/audi/r8.jpg,https://imgd.aeplcdn.com/0x0/cw/makes/audi.webp
Audi,S5 Sportback [2015-2017],2015,Discontinued,S5 Sportback,Petrol,,,https://imgd.aeplcdn.com/664x374/cw/ec/20498/Audi-S5-Sportback-Right-Front-Three-Quarter-59025.jpg,https://imgd.aeplcdn.com/0x0/cw/makes/audi.webp
Audi,RS7 Sportback [2014-2015],2014,Discontinued,RS7 Sportback,Petrol,,,https://imgd.aeplcdn.com/664x374/ec/c3/33/12071/img/m/Audi-RS7-Sportback-Right-Front-Three-Quarter-48918_ol.jpg,https://imgd.aeplcdn.com/0x0/cw/makes/audi.webp
Audi,TT [2012-2015],2012,Discontinued,TT,Petrol,,,https://imgd.aeplcdn.com/664x374/ec/40/53/10828/img/m/Audi-TT-Right-Front-Three-Quarter-48944_ol.jpg,https://imgd.aeplcdn.com/0x0/cw/makes/audi.webp
Audi,RS5 [2012-2016],2012,Discontinued,RS5,Petrol,,,https://imgd.aeplcdn.com/664x374/cw/cars/audi/rs5.jpg,https://imgd.aeplcdn.com/0x0/cw/makes/audi.webp
Audi,SQ8,2026,Active,SQ8,Petrol,,,https://imgd.aeplcdn.com/664x374/n/cw/ec/218698/sq8-exterior-right-front-three-quarter-13.png,https://imgd.aeplcdn.com/0x0/cw/makes/audi.webp
Audi,Q3,2022,Active,Q3,Petrol,,,https://imgd.aeplcdn.com/664x374/n/cw/ec/28379/q3-exterior-right-front-three-quarter-93482.png,https://imgd.aeplcdn.com/0x0/cw/makes/audi.webp
Audi,A4,2021,Active,A4,Petrol,,,https://imgd.aeplcdn.com/664x374/n/cw/ec/51909/a4-exterior-right-front-three-quarter-80.png,https://imgd.aeplcdn.com/0x0/cw/makes/audi.webp
Audi,A6,2019,Active,A6,Petrol,,,https://imgd.aeplcdn.com/664x374/n/cw/ec/39472/a6-exterior-right-front-three-quarter-3.png,https://imgd.aeplcdn.com/0x0/cw/makes/audi.webp
Audi,Q7,2024,Active,Q7,Petrol,,,https://imgd.aeplcdn.com/664x374/n/cw/ec/192279/q7-exterior-right-front-three-quarter-4.png,https://imgd.aeplcdn.com/0x0/cw/makes/audi.webp
Audi,Q5,2021,Active,Q5,Petrol,,,https://imgd.aeplcdn.com/664x374/n/cw/ec/53591/q5-exterior-right-front-three-quarter-37.png,https://imgd.aeplcdn.com/0x0/cw/makes/audi.webp
Audi,S5 Sportback,2021,Active,S5 Sportback,Petrol,,,https://imgd.aeplcdn.com/664x374/n/cw/ec/51378/s5-sportback-exterior-right-front-three-quarter-6.png,https://imgd.aeplcdn.com/0x0/cw/makes/audi.webp
Audi,RS5,2021,Active,RS5,Petrol,,,https://imgd.aeplcdn.com/664x374/n/cw/ec/100073/rs5-exterior-right-front-three-quarter-5.png,https://imgd.aeplcdn.com/0x0/cw/makes/audi.webp
Audi,Q8,2024,Active,Q8,Petrol,,,https://imgd.aeplcdn.com/664x374/n/cw/ec/184519/q8-exterior-right-front-three-quarter-26.png,https://imgd.aeplcdn.com/0x0/cw/makes/audi.webp
Audi,Q3 Sportback,2023,Active,Q3 Sportback,Petrol,,,https://imgd.aeplcdn.com/664x374/n/cw/ec/141373/q3-sportback-exterior-right-front-three-quarter-15.png,https://imgd.aeplcdn.com/0x0/cw/makes/audi.webp
Audi,A8 L,2022,Active,A8 L,Petrol,,,https://imgd.aeplcdn.com/664x374/n/cw/ec/124141/a8-l-exterior-right-front-three-quarter-5.png,https://imgd.aeplcdn.com/0x0/cw/makes/audi.webp
Audi,RS Q8 Performance,2025,Active,RS Q8 Performance,Petrol,,,https://imgd.aeplcdn.com/664x374/n/cw/ec/196687/rs-q8-performance-exterior-right-front-three-quarter-8.png,https://imgd.aeplcdn.com/0x0/cw/makes/audi.webp
Audi,e-tron GT,2021,Active,e-tron GT,Electric,,,https://imgd.aeplcdn.com/664x374/n/cw/ec/47073/e-tron-gt-exterior-right-front-three-quarter-13.png,https://imgd.aeplcdn.com/0x0/cw/makes/audi.webp
Audi,Q8 Sportback e-tron,2023,Active,Q8 Sportback e-tron,Electric,,,https://imgd.aeplcdn.com/664x374/n/cw/ec/153789/q8-sportback-e-tron-exterior-right-front-three-quarter-6.png,https://imgd.aeplcdn.com/0x0/cw/makes/audi.webp
Audi,Q8 e-tron,2023,Active,Q8 e-tron,Electric,,,https://imgd.aeplcdn.com/664x374/n/cw/ec/152943/q8-e-tron-exterior-right-front-three-quarter-15.png,https://imgd.aeplcdn.com/0x0/cw/makes/audi.webp
Audi,e-tron,2021,Active,e-tron,Electric,,,https://imgd.aeplcdn.com/664x374/n/cw/ec/39048/e-tron-exterior-right-front-three-quarter-3.jpeg,https://imgd.aeplcdn.com/0x0/cw/makes/audi.webp
Audi,e-tron Sportback,2021,Active,e-tron Sportback,Electric,,,https://imgd.aeplcdn.com/664x374/n/cw/ec/39045/e-tron-sportback-exterior-right-front-three-quarter-4.png,https://imgd.aeplcdn.com/0x0/cw/makes/audi.webp
Audi,New Q5 third-gen,2026,Upcoming,New Q5 third-gen,Petrol,,,https://imgd.aeplcdn.com/664x374/n/cw/ec/185855/new-q5-third-gen-exterior-right-front-three-quarter-16.jpeg,https://imgd.aeplcdn.com/0x0/cw/makes/audi.webp
Audi,Q6 e-tron,2026,Upcoming,Q6 e-tron,Electric,,,https://imgd.aeplcdn.com/664x374/n/cw/ec/180355/q6-e-tron-exterior-right-front-three-quarter.jpeg,https://imgd.aeplcdn.com/0x0/cw/makes/audi.webp
Porsche,Macan [2019-2021],2019,Discontinued,Macan,Petrol,,,https://imgd.aeplcdn.com/664x374/cw/ec/18715/Porsche-Macan-Right-Front-Three-Quarter-166772.jpg,https://imgd.aeplcdn.com/0x0/cw/makes/porsche.webp
Porsche,718,2017,Discontinued,718,Petrol,,,https://imgd.aeplcdn.com/664x374/n/cw/ec/24421/718-exterior-right-front-three-quarter-90912.jpeg,https://imgd.aeplcdn.com/0x0/cw/makes/porsche.webp
Porsche,Taycan Cross Turismo,2021,Discontinued,Taycan Cross Turismo,Petrol,,,https://imgd.aeplcdn.com/664x374/n/cw/ec/108081/taycan-cross-turismo-exterior-right-front-three-quarter-4.jpeg,https://imgd.aeplcdn.com/0x0/cw/makes/porsche.webp
Porsche,Panamera [2017-2023],2017,Discontinued,Panamera,Petrol,,,https://imgd.aeplcdn.com/664x374/n/cw/ec/28304/panamera-exterior-right-front-three-quarter.jpeg,https://imgd.aeplcdn.com/0x0/cw/makes/porsche.webp
Porsche,Cayenne [2014-2018],2014,Discontinued,Cayenne,Petrol,,,https://imgd.aeplcdn.com/664x374/ec/D7/48/18716/img/m/Porsche-Cayenne-Right-Front-Three-Quarter-51810_ol.jpg,https://imgd.aeplcdn.com/0x0/cw/makes/porsche.webp
Porsche,911 [2006-2019],2006,Discontinued,911,Petrol,,,https://imgd.aeplcdn.com/664x374/cw/ec/10803/Porsche-911-Right-Front-Three-Quarter-154333.jpg,https://imgd.aeplcdn.com/0x0/cw/makes/porsche.webp
Porsche,Cayman [2014-2017],2014,Discontinued,Cayman,Petrol,,,https://imgd.aeplcdn.com/664x374/cw/cars/porsche/cayman.jpg,https://imgd.aeplcdn.com/0x0/cw/makes/porsche.webp
Porsche,Macan [2014-2019],2014,Discontinued,Macan,Petrol,,,https://imgd.aeplcdn.com/664x374/cw/ec/18715/Porsche-Macan-20142019-Right-Front-Three-Quarter-168325.jpg,https://imgd.aeplcdn.com/0x0/cw/makes/porsche.webp
Porsche,Panamera [2014-2017],2014,Discontinued,Panamera,Petrol,,,https://imgd.aeplcdn.com/664x374/cw/cars/porsche/panamera.jpg,https://imgd.aeplcdn.com/0x0/cw/makes/porsche.webp
Porsche,Boxster [2014-2017],2014,Discontinued,Boxster,Petrol,,,https://imgd.aeplcdn.com/664x374/cw/cars/porsche/boxster.jpg,https://imgd.aeplcdn.com/0x0/cw/makes/porsche.webp
Porsche,911,2019,Active,911,Petrol,,,https://imgd.aeplcdn.com/664x374/n/cw/ec/39232/911-exterior-right-front-three-quarter-154385.png,https://imgd.aeplcdn.com/0x0/cw/makes/porsche.webp
Porsche,Cayenne,2018,Active,Cayenne,Petrol,,,https://imgd.aeplcdn.com/664x374/n/cw/ec/32951/cayenne-exterior-right-front-three-quarter-3.png,https://imgd.aeplcdn.com/0x0/cw/makes/porsche.webp
Porsche,Macan,2021,Active,Macan,Petrol,,,https://imgd.aeplcdn.com/664x374/n/cw/ec/99421/macan-exterior-right-front-three-quarter-10.png,https://imgd.aeplcdn.com/0x0/cw/makes/porsche.webp
Porsche,Taycan,2021,Active,Taycan,Petrol,,,https://imgd.aeplcdn.com/664x374/n/cw/ec/45063/taycan-exterior-right-front-three-quarter-6.png,https://imgd.aeplcdn.com/0x0/cw/makes/porsche.webp
Porsche,Panamera,2023,Active,Panamera,Petrol,,,https://imgd.aeplcdn.com/664x374/n/cw/ec/165641/panamera-exterior-right-front-three-quarter-2.png,https://imgd.aeplcdn.com/0x0/cw/makes/porsche.webp
Porsche,Cayenne Coupe,2019,Active,Cayenne Coupe,Petrol,,,https://imgd.aeplcdn.com/664x374/n/cw/ec/43728/cayenne-coupe-exterior-right-front-three-quarter-3.png,https://imgd.aeplcdn.com/0x0/cw/makes/porsche.webp
Porsche,Macan Turbo EV,2024,Active,Macan Turbo EV,Electric,,,https://imgd.aeplcdn.com/664x374/n/cw/ec/169989/macan-turbo-ev-exterior-right-front-three-quarter-2.png,https://imgd.aeplcdn.com/0x0/cw/makes/porsche.webp
Porsche,Cayenne EV,2025,Active,Cayenne EV,Electric,,,https://imgd.aeplcdn.com/664x374/n/cw/ec/212775/cayenne-ev-exterior-right-front-three-quarter-2.png,https://imgd.aeplcdn.com/0x0/cw/makes/porsche.webp
Volkswagen,Virtus [2022-2023],2022,Discontinued,Virtus,Petrol,,,https://imgd.aeplcdn.com/664x374/n/cw/ec/101055/virtus-exterior-right-front-three-quarter.jpeg,https://imgd.aeplcdn.com/0x0/cw/makes/volkswagen.webp
Volkswagen,Taigun [2021-2023],2021,Discontinued,Taigun,Petrol,,,https://imgd.aeplcdn.com/664x374/n/cw/ec/45057/taigun-exterior-right-front-three-quarter-2.jpeg,https://imgd.aeplcdn.com/0x0/cw/makes/volkswagen.webp
Volkswagen,Tiguan,2021,Discontinued,Tiguan,Petrol,,,https://imgd.aeplcdn.com/664x374/n/cw/ec/53123/tiguan-exterior-right-front-three-quarter-4.jpeg,https://imgd.aeplcdn.com/0x0/cw/makes/volkswagen.webp
Volkswagen,T-Roc,2021,Discontinued,T-Roc,Petrol,,,https://imgd.aeplcdn.com/664x374/n/cw/ec/55747/t-roc-exterior-right-front-three-quarter-3.jpeg,https://imgd.aeplcdn.com/0x0/cw/makes/volkswagen.webp
Volkswagen,T-Roc [2020-2021],2020,Discontinued,T-Roc,Petrol,,,https://imgd.aeplcdn.com/664x374/n/cw/ec/43589/volkswagen-t-roc-right-front-three-quarter2.jpeg,https://imgd.aeplcdn.com/0x0/cw/makes/volkswagen.webp
Volkswagen,Vento,2019,Discontinued,Vento,Petrol,,,https://imgd.aeplcdn.com/664x374/cw/ec/26563/Volkswagen-Vento-Right-Front-Three-Quarter-169094.jpg,https://imgd.aeplcdn.com/0x0/cw/makes/volkswagen.webp
Volkswagen,Tiguan AllSpace,2020,Discontinued,Tiguan AllSpace,Petrol,,,https://imgd.aeplcdn.com/664x374/n/cw/ec/45290/volkswagen-tiguan-allspace-right-front-three-quarter54.jpeg,https://imgd.aeplcdn.com/0x0/cw/makes/volkswagen.webp
Volkswagen,Polo,2019,Discontinued,Polo,Petrol,,,https://imgd.aeplcdn.com/664x374/n/cw/ec/29628/polo-exterior-right-front-three-quarter-2.jpeg,https://imgd.aeplcdn.com/0x0/cw/makes/volkswagen.webp
Volkswagen,Ameo,2016,Discontinued,Ameo,Petrol,,,https://imgd.aeplcdn.com/664x374/cw/ec/21603/Volkswagen-Ameo-Exterior-119016.jpg,https://imgd.aeplcdn.com/0x0/cw/makes/volkswagen.webp
Volkswagen,Tiguan [2017-2020],2017,Discontinued,Tiguan,Petrol,,,https://imgd.aeplcdn.com/664x374/cw/ec/21615/Volkswagen-Tiguan-Right-Front-Three-Quarter-98786.jpg,https://imgd.aeplcdn.com/0x0/cw/makes/volkswagen.webp
Volkswagen,Passat,2017,Discontinued,Passat,Petrol,,,https://imgd.aeplcdn.com/664x374/cw/ec/22548/Volkswagen-Passat-Headlamps-135233.jpg,https://imgd.aeplcdn.com/0x0/cw/makes/volkswagen.webp
Volkswagen,Jetta,2015,Discontinued,Jetta,Petrol,,,https://imgd.aeplcdn.com/664x374/cw/ec/17725/Volkswagen-Jetta-Right-Front-Three-Quarter-55817.jpg,https://imgd.aeplcdn.com/0x0/cw/makes/volkswagen.webp
Volkswagen,Beetle,2015,Discontinued,Beetle,Petrol,,,https://imgd.aeplcdn.com/664x374/cw/ec/20795/Volkswagen-Beetle-Exterior-95635.jpg,https://imgd.aeplcdn.com/0x0/cw/makes/volkswagen.webp
Volkswagen,Polo [2012-2014],2012,Discontinued,Polo,Petrol,,,https://imgd.aeplcdn.com/664x374/cw/cars/discontinued/volkswagen/polo-2012-2014.jpg,https://imgd.aeplcdn.com/0x0/cw/makes/volkswagen.webp
Volkswagen,GTI,2016,Discontinued,GTI,Petrol,,,https://imgd.aeplcdn.com/664x374/cw/ec/21687/Volkswagen-GTI-Exterior-119312.jpg,https://imgd.aeplcdn.com/0x0/cw/makes/volkswagen.webp
Volkswagen,Polo [2016-2019],2016,Discontinued,Polo,Petrol,,,https://imgd.aeplcdn.com/664x374/cw/ec/22037/Volkswagen-Polo-Exterior-95634.jpg,https://imgd.aeplcdn.com/0x0/cw/makes/volkswagen.webp
Volkswagen,Vento [2012-2014],2012,Discontinued,Vento,Petrol,,,https://imgd.aeplcdn.com/664x374/cw/cars/discontinued/volkswagen/vento-2012-2014.jpg,https://imgd.aeplcdn.com/0x0/cw/makes/volkswagen.webp
Volkswagen,Polo [2014-2015],2014,Discontinued,Polo,Petrol,,,https://imgd.aeplcdn.com/664x374/cw/ec/12907/Volkswagen-Polo-Right-Front-Three-Quarter-55831.jpg,https://imgd.aeplcdn.com/0x0/cw/makes/volkswagen.webp
Volkswagen,Vento [2014-2015],2014,Discontinued,Vento,Petrol,,,https://imgd.aeplcdn.com/664x374/cw/cars/discontinued/volkswagen/vento-2014-2015.jpg,https://imgd.aeplcdn.com/0x0/cw/makes/volkswagen.webp
Volkswagen,Jetta [2008-2011],2008,Discontinued,Jetta,Petrol,,,https://imgd.aeplcdn.com/664x374/cw/cars/discontinued/volkswagen/jetta-2008-2011.jpg,https://imgd.aeplcdn.com/0x0/cw/makes/volkswagen.webp
Volkswagen,Polo [2010-2012],2010,Discontinued,Polo,Petrol,,,https://imgd.aeplcdn.com/664x374/cw/cars/discontinued/volkswagen/polo-2010-2012.jpg,https://imgd.aeplcdn.com/0x0/cw/makes/volkswagen.webp
Volkswagen,Vento [2015-2019],2015,Discontinued,Vento,Petrol,,,https://imgd.aeplcdn.com/664x374/cw/ec/26563/Volkswagen-Vento-Exterior-168556.jpg,https://imgd.aeplcdn.com/0x0/cw/makes/volkswagen.webp
Volkswagen,Cross Polo,2016,Discontinued,Cross Polo,Petrol,,,https://imgd.aeplcdn.com/664x374/cw/ec/22008/Volkswagen-Cross-Polo-Right-Front-Three-Quarter-66773.jpg,https://imgd.aeplcdn.com/0x0/cw/makes/volkswagen.webp
Volkswagen,Vento [2010-2012],2010,Discontinued,Vento,Petrol,,,https://imgd.aeplcdn.com/664x374/cw/cars/discontinued/volkswagen/vento-2010-2012.jpg,https://imgd.aeplcdn.com/0x0/cw/makes/volkswagen.webp
Volkswagen,Jetta [2013-2015],2013,Discontinued,Jetta,Petrol,,,https://imgd.aeplcdn.com/664x374/cw/cars/discontinued/volkswagen/jetta-2013-2015.jpg,https://imgd.aeplcdn.com/0x0/cw/makes/volkswagen.webp
Volkswagen,Passat [2007-2014],2007,Discontinued,Passat,Petrol,,,https://imgd.aeplcdn.com/664x374/cw/ec/29336/Volkswagen-Passat-20072014-Front-view-98128.jpg,https://imgd.aeplcdn.com/0x0/cw/makes/volkswagen.webp
Volkswagen,Touareg,2012,Discontinued,Touareg,Petrol,,,https://imgd.aeplcdn.com/664x374/cw/cars/discontinued/volkswagen/touareg-2012-2014.jpg,https://imgd.aeplcdn.com/0x0/cw/makes/volkswagen.webp
Volkswagen,Jetta [2011-2013],2011,Discontinued,Jetta,Petrol,,,https://imgd.aeplcdn.com/664x374/cw/cars/discontinued/volkswagen/jetta-2011-2013.jpg,https://imgd.aeplcdn.com/0x0/cw/makes/volkswagen.webp
Volkswagen,Phaeton,2009,Discontinued,Phaeton,Petrol,,,https://imgd.aeplcdn.com/664x374/cw/cars/discontinued/volkswagen/phaeton-2009-2014.jpg,https://imgd.aeplcdn.com/0x0/cw/makes/volkswagen.webp
Volkswagen,Cross Polo [2013-2015],2013,Discontinued,Cross Polo,Petrol,,,https://imgd.aeplcdn.com/664x374/cw/cars/volkswagen/cross-polo.jpg,https://imgd.aeplcdn.com/0x0/cw/makes/volkswagen.webp
Volkswagen,Beetle [2008-2014],2009,Discontinued,Beetle,Petrol,,,https://imgd.aeplcdn.com/664x374/cw/cars/discontinued/volkswagen/beetle-2009-2014.jpg,https://imgd.aeplcdn.com/0x0/cw/makes/volkswagen.webp
Volkswagen,Touareg [2008-2012],2008,Discontinued,Touareg,Petrol,,,https://imgd.aeplcdn.com/664x374/cw/cars/discontinued/volkswagen/touareg-2008-2012.jpg,https://imgd.aeplcdn.com/0x0/cw/makes/volkswagen.webp
Volkswagen,Virtus,2023,Active,Virtus,Petrol,,,https://imgd.aeplcdn.com/664x374/n/cw/ec/144681/virtus-exterior-right-front-three-quarter-11.png,https://imgd.aeplcdn.com/0x0/cw/makes/volkswagen.webp
Volkswagen,Taigun,2023,Active,Taigun,Petrol,,,https://imgd.aeplcdn.com/664x374/n/cw/ec/144689/taigun-exterior-right-front-three-quarter-8.png,https://imgd.aeplcdn.com/0x0/cw/makes/volkswagen.webp
Volkswagen,Tayron R-Line,2026,Active,Tayron R-Line,Petrol,,,https://imgd.aeplcdn.com/664x374/n/cw/ec/202557/tayron-r-line-exterior-right-front-three-quarter-3.png,https://imgd.aeplcdn.com/0x0/cw/makes/volkswagen.webp
Volkswagen,Golf GTI,2025,Active,Golf GTI,Petrol,,,https://imgd.aeplcdn.com/664x374/n/cw/ec/198749/golf-gti-exterior-right-front-three-quarter-4.png,https://imgd.aeplcdn.com/0x0/cw/makes/volkswagen.webp
Volkswagen,Tiguan R-Line,2025,Active,Tiguan R-Line,Petrol,,,https://imgd.aeplcdn.com/664x374/n/cw/ec/198751/tiguan-r-line-exterior-right-front-three-quarter-10.png,https://imgd.aeplcdn.com/0x0/cw/makes/volkswagen.webp
Volkswagen,Tera SUV,2026,Upcoming,Tera SUV,Petrol,,,https://imgd.aeplcdn.com/664x374/n/cw/ec/191839/tera-suv-exterior-grille.jpeg,https://imgd.aeplcdn.com/0x0/cw/makes/volkswagen.webp
Volkswagen,Taigun Facelift,2026,Upcoming,Taigun Facelift,Petrol,,,https://imgd.aeplcdn.com/664x374/n/cw/ec/207718/taigun-facelift-exterior-right-front-three-quarter.jpeg,https://imgd.aeplcdn.com/0x0/cw/makes/volkswagen.webp
Volkswagen,ID.4,2027,Upcoming,ID.4,Petrol,,,https://imgd.aeplcdn.com/664x374/n/cw/ec/138087/id4-exterior-right-front-three-quarter.jpeg,https://imgd.aeplcdn.com/0x0/cw/makes/volkswagen.webp
Nissan,Magnite [2020-2024],2020,Discontinued,Magnite,Petrol,,,https://imgd.aeplcdn.com/664x374/n/cw/ec/45795/magnite-exterior-right-front-three-quarter-11.jpeg,https://imgd.aeplcdn.com/0x0/cw/makes/nissan.webp
Nissan,GT-R,2016,Discontinued,GT-R,Petrol,,,https://imgd.aeplcdn.com/664x374/cw/ec/20361/Nissan-GTR-Right-Front-Three-Quarter-84895.jpg,https://imgd.aeplcdn.com/0x0/cw/makes/nissan.webp
Nissan,Kicks,2019,Discontinued,Kicks,Petrol,,,https://imgd.aeplcdn.com/664x374/cw/ec/32596/Nissan-Kicks-Right-Front-Three-Quarter-159680.jpg,https://imgd.aeplcdn.com/0x0/cw/makes/nissan.webp
Nissan,Juke,2025,Discontinued,Juke,Petrol,,,https://imgd.aeplcdn.com/664x374/n/cw/ec/138127/juke-exterior-right-front-three-quarter.jpeg,https://imgd.aeplcdn.com/0x0/cw/makes/nissan.webp
Nissan,Qashqai,2027,Discontinued,Qashqai,Petrol,,,https://imgd.aeplcdn.com/664x374/n/cw/ec/133127/qashqai-exterior-right-front-three-quarter.jpeg,https://imgd.aeplcdn.com/0x0/cw/makes/nissan.webp
Nissan,Terrano,2017,Discontinued,Terrano,Petrol,,,https://imgd.aeplcdn.com/664x374/cw/ec/28376/Nissan-Terrano-Front-view-93548.jpg,https://imgd.aeplcdn.com/0x0/cw/makes/nissan.webp
Nissan,Micra,2018,Discontinued,Micra,Petrol,,,https://imgd.aeplcdn.com/664x374/cw/ec/35606/Nissan-Micra-Exterior-133100.jpg,https://imgd.aeplcdn.com/0x0/cw/makes/nissan.webp
Nissan,Sunny,2014,Discontinued,Sunny,Petrol,,,https://imgd.aeplcdn.com/664x374/ec/94/C0/9725/img/m/Nissan-Sunny-Right-Front-Three-Quarter-48975_ol.jpg,https://imgd.aeplcdn.com/0x0/cw/makes/nissan.webp
Nissan,Micra Active,2018,Discontinued,Micra Active,Petrol,,,https://imgd.aeplcdn.com/664x374/cw/ec/35639/Nissan-Micra-Active-Exterior-133308.jpg,https://imgd.aeplcdn.com/0x0/cw/makes/nissan.webp
Nissan,Leaf EV,2024,Discontinued,Leaf EV,Electric,,,https://imgd.aeplcdn.com/664x374/cw/ec/40522/Nissan-Leaf-EV-Right-Front-Three-Quarter-169812.jpg,https://imgd.aeplcdn.com/0x0/cw/makes/nissan.webp
Nissan,Terrano [2013-2017],2013,Discontinued,Terrano,Petrol,,,https://imgd.aeplcdn.com/664x374/cw/cars/nissan/terrano.jpg,https://imgd.aeplcdn.com/0x0/cw/makes/nissan.webp
Nissan,Evalia [2014-2016],2014,Discontinued,Evalia,Petrol,,,https://imgd.aeplcdn.com/664x374/cw/cars/nissan/evalia.jpg,https://imgd.aeplcdn.com/0x0/cw/makes/nissan.webp
Nissan,Micra [2010-2013],2010,Discontinued,Micra,Petrol,,,https://imgd.aeplcdn.com/664x374/cw/cars/discontinued/nissan/micra-2010-2013.jpg,https://imgd.aeplcdn.com/0x0/cw/makes/nissan.webp
Nissan,Micra Active [2013-2018],2013,Discontinued,Micra Active,Petrol,,,https://imgd.aeplcdn.com/664x374/cw/ec/10882/Nissan-Micra-Active-Exterior-106394.jpg,https://imgd.aeplcdn.com/0x0/cw/makes/nissan.webp
Nissan,Teana [2007-2014],2007,Discontinued,Teana,Petrol,,,https://imgd.aeplcdn.com/664x374/cw/cars/discontinued/nissan/teana-2007-2014.jpg,https://imgd.aeplcdn.com/0x0/cw/makes/nissan.webp
Nissan,Sunny [2011-2014],2011,Discontinued,Sunny,Petrol,,,https://imgd.aeplcdn.com/664x374/cw/cars/discontinued/nissan/sunny-2011-2014.jpg,https://imgd.aeplcdn.com/0x0/cw/makes/nissan.webp
Nissan,Evalia [2012-2014],2012,Discontinued,Evalia,Petrol,,,https://imgd.aeplcdn.com/664x374/cw/cars/discontinued/nissan/evalia-2012-2014.jpg,https://imgd.aeplcdn.com/0x0/cw/makes/nissan.webp
Nissan,Micra [2013-2018],2013,Discontinued,Micra,Petrol,,,https://imgd.aeplcdn.com/664x374/cw/ec/10636/Nissan-Micra-Exterior-98190.jpg,https://imgd.aeplcdn.com/0x0/cw/makes/nissan.webp
Nissan,X-Trail [2009-2014],2009,Discontinued,X-Trail,Petrol,,,https://imgd.aeplcdn.com/664x374/cw/cars/discontinued/nissan/x-trail-2009-2014.jpg,https://imgd.aeplcdn.com/0x0/cw/makes/nissan.webp
Nissan,X-Trail [2004-2009],2004,Discontinued,X-Trail,Petrol,,,https://imgd.aeplcdn.com/664x374/cw/cars/discontinued/nissan/x-trail-2004-2009.jpg,https://imgd.aeplcdn.com/0x0/cw/makes/nissan.webp
Nissan,370Z [2010-2014],2010,Discontinued,370Z,Petrol,,,https://imgd.aeplcdn.com/664x374/cw/cars/discontinued/nissan/370z-2010-2014.jpg,https://imgd.aeplcdn.com/0x0/cw/makes/nissan.webp
Nissan,Gravite,2026,Active,Gravite,Petrol,,,https://imgd.aeplcdn.com/664x374/n/cw/ec/200003/gravite-exterior-right-front-three-quarter-6.jpeg,https://imgd.aeplcdn.com/0x0/cw/makes/nissan.webp
Nissan,Magnite,2024,Active,Magnite,Petrol,,,https://imgd.aeplcdn.com/664x374/n/cw/ec/173325/magnite-exterior-right-front-three-quarter-27.png,https://imgd.aeplcdn.com/0x0/cw/makes/nissan.webp
Nissan,X-Trail,2024,Active,X-Trail,Petrol,,,https://imgd.aeplcdn.com/664x374/n/cw/ec/133165/x-trail-exterior-right-front-three-quarter-28.png,https://imgd.aeplcdn.com/0x0/cw/makes/nissan.webp
Nissan,Tekton,2026,Upcoming,Tekton,Petrol,,,https://imgd.aeplcdn.com/664x374/n/cw/ec/200007/tekton-exterior-left-front-three-quarter.png,https://imgd.aeplcdn.com/0x0/cw/makes/nissan.webp
Bentley,Continental GT,2014,Discontinued,Continental GT,Petrol,,,https://imgd.aeplcdn.com/664x374/cw/ec/40239/Bentley-Continental-GT-Exterior-158571.jpg,https://imgd.aeplcdn.com/0x0/cw/makes/bentley.webp
Bentley,Bentayga [2016-2020],2016,Discontinued,Bentayga,Petrol,,,https://imgd.aeplcdn.com/664x374/cw/ec/23020/Bentley-Bentayga-Right-Front-Three-Quarter-71410.jpg,https://imgd.aeplcdn.com/0x0/cw/makes/bentley.webp
Bentley,Continental Flying Spur [2013-2020],2013,Discontinued,Continental Flying Spur,Petrol,,,https://imgd.aeplcdn.com/664x374/ec/A4/ab/9775/img/m/Bentley-Continental-Flying-Spur-Right-Front-Three-Quarter-52651_ol.jpg,https://imgd.aeplcdn.com/0x0/cw/makes/bentley.webp
Bentley,Mulsanne,2012,Discontinued,Mulsanne,Petrol,,,https://imgd.aeplcdn.com/664x374/cw/ec/9776/Bentley-Mulsanne-Exterior-158599.jpg,https://imgd.aeplcdn.com/0x0/cw/makes/bentley.webp
Bentley,Continental GTC,2014,Discontinued,Continental GTC,Petrol,,,https://imgd.aeplcdn.com/664x374/cw/ec/9777/Bentley-Continental-GTC-Right-Front-Three-Quarter-157717.jpg,https://imgd.aeplcdn.com/0x0/cw/makes/bentley.webp
Bentley,Bentayga,2021,Active,Bentayga,Petrol,,,https://imgd.aeplcdn.com/664x374/n/cw/ec/55335/bentayga-exterior-right-front-three-quarter-4.png,https://imgd.aeplcdn.com/0x0/cw/makes/bentley.webp
Land Rover,Discovery Sport [2020-2022],2020,Discontinued,Discovery Sport,Petrol,,,https://imgd.aeplcdn.com/664x374/n/cw/ec/44879/landrover-discovery-sport-right-front-three-quarter16.jpeg,https://imgd.aeplcdn.com/0x0/cw/makes/land-rover.webp
Land Rover,Range Rover [2018-2022],2018,Discontinued,Range Rover,Petrol,,,https://imgd.aeplcdn.com/664x374/cw/ec/35133/Land-Rover-Range-Rover-Exterior-130854.jpg,https://imgd.aeplcdn.com/0x0/cw/makes/land-rover.webp
Land Rover,Range Rover Sport [2018-2022],2018,Discontinued,Range Rover Sport,Petrol,,,https://imgd.aeplcdn.com/664x374/cw/ec/35042/Land-Rover-Range-Rover-Sport-Exterior-130458.jpg,https://imgd.aeplcdn.com/0x0/cw/makes/land-rover.webp
Land Rover,Defender [2020-2021],2020,Discontinued,Defender,Petrol,,,https://imgd.aeplcdn.com/664x374/n/cw/ec/41970/landrover-defender-right-front-three-quarter1.jpeg,https://imgd.aeplcdn.com/0x0/cw/makes/land-rover.webp
Land Rover,Range Rover Velar [2017-2023],2017,Discontinued,Range Rover Velar,Petrol,,,https://imgd.aeplcdn.com/664x374/cw/ec/28085/Land-Rover-Range-Rover-Velar-Exterior-114227.jpg,https://imgd.aeplcdn.com/0x0/cw/makes/land-rover.webp
Land Rover,Range Rover Evoque [2016-2020],2016,Discontinued,Range Rover Evoque,Electric,,,https://imgd.aeplcdn.com/664x374/cw/ec/26575/Land-Rover-Range-Rover-Evoque-Exterior-126890.jpg,https://imgd.aeplcdn.com/0x0/cw/makes/land-rover.webp
Land Rover,Discovery Sport [2018-2020],2018,Discontinued,Discovery Sport,Petrol,,,https://imgd.aeplcdn.com/664x374/cw/ec/37535/Land-Rover-Discovery-Sport-Right-Front-Three-Quarter-144609.jpg,https://imgd.aeplcdn.com/0x0/cw/makes/land-rover.webp
Land Rover,Freelander 2,2013,Discontinued,Freelander 2,Petrol,,,https://imgd.aeplcdn.com/664x374/cw/cars/land-rover/freelander-2.jpg,https://imgd.aeplcdn.com/0x0/cw/makes/land-rover.webp
Land Rover,Range Rover Sport [2013-2018],2013,Discontinued,Range Rover Sport,Petrol,,,https://imgd.aeplcdn.com/664x374/ec/53/83/9809/img/m/Land-Rover-Range-Rover-Sport-Right-Front-Three-Quarter-50682_ol.jpg,https://imgd.aeplcdn.com/0x0/cw/makes/land-rover.webp
Land Rover,Discovery Sport [2015-2017],2015,Discontinued,Discovery Sport,Petrol,,,https://imgd.aeplcdn.com/664x374/cw/ec/19806/Land-Rover-Discovery-Sport-Right-Front-Three-Quarter-56684.jpg,https://imgd.aeplcdn.com/0x0/cw/makes/land-rover.webp
Land Rover,Range Rover Evoque [2015-2016],2015,Discontinued,Range Rover Evoque,Electric,,,https://imgd.aeplcdn.com/664x374/cw/ec/23467/Land-Rover-Range-Rover-Evoque-Right-Front-Three-Quarter-72930.jpg,https://imgd.aeplcdn.com/0x0/cw/makes/land-rover.webp
Land Rover,Range Rover [2014-2018],2014,Discontinued,Range Rover,Petrol,,,https://imgd.aeplcdn.com/664x374/ec/7F/84/18599/img/m/Land-Rover-Range-Rover-LWB-Right-Front-Three-Quarter-51378_ol.jpg,https://imgd.aeplcdn.com/0x0/cw/makes/land-rover.webp
Land Rover,Range Rover Evoque [2014-2015],2014,Discontinued,Range Rover Evoque,Electric,,,https://imgd.aeplcdn.com/664x374/cw/cars/land-rover/range-rover-evoque.jpg,https://imgd.aeplcdn.com/0x0/cw/makes/land-rover.webp
Land Rover,Discovery Sport [2017-2018],2017,Discontinued,Discovery Sport,Petrol,,,https://imgd.aeplcdn.com/664x374/cw/ec/28678/Land-Rover-Discovery-Sport-Right-Front-Three-Quarter-94738.jpg,https://imgd.aeplcdn.com/0x0/cw/makes/land-rover.webp
Land Rover,Discovery [2014-2017],2014,Discontinued,Discovery,Petrol,,,https://imgd.aeplcdn.com/664x374/ec/62/AC/18600/img/m/Land-Rover-Discovery-Right-Front-Three-Quarter-51383_ol.jpg,https://imgd.aeplcdn.com/0x0/cw/makes/land-rover.webp
Land Rover,Defender,2021,Active,Defender,Petrol,,,https://imgd.aeplcdn.com/664x374/n/cw/ec/55215/defender-exterior-right-front-three-quarter-23.png,https://imgd.aeplcdn.com/0x0/cw/makes/land-rover.webp
Land Rover,Range Rover Velar,2023,Active,Range Rover Velar,Petrol,,,https://imgd.aeplcdn.com/664x374/n/cw/ec/153319/range-rover-velar-exterior-right-front-three-quarter-5.png,https://imgd.aeplcdn.com/0x0/cw/makes/land-rover.webp
Land Rover,Range Rover,2022,Active,Range Rover,Petrol,,,https://imgd.aeplcdn.com/664x374/n/cw/ec/107719/range-rover-exterior-right-front-three-quarter-47.png,https://imgd.aeplcdn.com/0x0/cw/makes/land-rover.webp
Land Rover,Range Rover Sport,2022,Active,Range Rover Sport,Petrol,,,https://imgd.aeplcdn.com/664x374/n/cw/ec/122451/range-rover-sport-exterior-right-front-three-quarter-44.png,https://imgd.aeplcdn.com/0x0/cw/makes/land-rover.webp
Land Rover,Range Rover Evoque,2020,Active,Range Rover Evoque,Electric,,,https://imgd.aeplcdn.com/664x374/n/cw/ec/37721/range-rover-evoque-exterior-right-front-three-quarter-2.png,https://imgd.aeplcdn.com/0x0/cw/makes/land-rover.webp
Land Rover,Discovery Sport,2022,Active,Discovery Sport,Petrol,,,https://imgd.aeplcdn.com/664x374/n/cw/ec/127321/discovery-sport-exterior-right-front-three-quarter-42.png,https://imgd.aeplcdn.com/0x0/cw/makes/land-rover.webp
Land Rover,Discovery,2017,Active,Discovery,Petrol,,,https://imgd.aeplcdn.com/664x374/n/cw/ec/24806/discovery-exterior-right-front-three-quarter-3.png,https://imgd.aeplcdn.com/0x0/cw/makes/land-rover.webp
Rolls-Royce,Wraith,2015,Discontinued,Wraith,Petrol,,,https://imgd.aeplcdn.com/664x374/n/cw/ec/21135/wraith-exterior-right-front-three-quarter-62430.jpeg,https://imgd.aeplcdn.com/0x0/cw/makes/rolls-royce.webp
Rolls-Royce,Ghost Series II,2014,Discontinued,Ghost Series II,Petrol,,,https://imgd.aeplcdn.com/664x374/ec/03/E0/14521/img/m/Rolls-Royce-Ghost-Series-II-Right-Front-Three-Quarter-51841_ol.jpg,https://imgd.aeplcdn.com/0x0/cw/makes/rolls-royce.webp
Rolls-Royce,Dawn,2016,Discontinued,Dawn,Petrol,,,https://imgd.aeplcdn.com/664x374/n/cw/ec/23875/dawn-exterior-right-front-three-quarter-75145.jpeg,https://imgd.aeplcdn.com/0x0/cw/makes/rolls-royce.webp
Rolls-Royce,Phantom Coupe,2017,Discontinued,Phantom Coupe,Petrol,,,https://imgd.aeplcdn.com/664x374/cw/cars/rolls-royce/phantom-coupe.jpg,https://imgd.aeplcdn.com/0x0/cw/makes/rolls-royce.webp
Rolls-Royce,Drophead Coupe,2018,Discontinued,Drophead Coupe,Petrol,,,https://imgd.aeplcdn.com/664x374/ec/51/ca/10772/img/m/Rolls-Royce-Drophead-Coupe-Right-Front-Three-Quarter-51839_ol.jpg,https://imgd.aeplcdn.com/0x0/cw/makes/rolls-royce.webp
Rolls-Royce,Ghost,2011,Discontinued,Ghost,Petrol,,,https://imgd.aeplcdn.com/664x374/cw/cars/rolls-royce/ghost.jpg,https://imgd.aeplcdn.com/0x0/cw/makes/rolls-royce.webp
Rolls-Royce,Phantom [2015-2016],2016,Discontinued,Phantom,Petrol,,,https://imgd.aeplcdn.com/664x374/cw/ec/10768/RollsRoyce-Phantom-Right-Front-Three-Quarter-62458.jpg,https://imgd.aeplcdn.com/0x0/cw/makes/rolls-royce.webp
Rolls-Royce,Phantom,2018,Active,Phantom,Petrol,,,https://imgd.aeplcdn.com/664x374/n/cw/ec/30181/phantom-exterior-right-front-three-quarter-2.png,https://imgd.aeplcdn.com/0x0/cw/makes/rolls-royce.webp
Rolls-Royce,Cullinan,2018,Active,Cullinan,Petrol,,,https://imgd.aeplcdn.com/664x374/n/cw/ec/34427/cullinan-exterior-right-front-three-quarter.png,https://imgd.aeplcdn.com/0x0/cw/makes/rolls-royce.webp
Rolls-Royce,Spectre,2024,Active,Spectre,Petrol,,,https://imgd.aeplcdn.com/664x374/n/cw/ec/168715/spectre-exterior-right-front-three-quarter-4.png,https://imgd.aeplcdn.com/0x0/cw/makes/rolls-royce.webp
Lamborghini,Huracan Evo,2014,Discontinued,Huracan Evo,Electric,,,https://imgd.aeplcdn.com/664x374/n/cw/ec/14054/huracan-evo-exterior-right-front-three-quarter-3.jpeg,https://imgd.aeplcdn.com/0x0/cw/makes/lamborghini.webp
Lamborghini,Urus [2018-2022],2018,Discontinued,Urus,Petrol,,,https://imgd.aeplcdn.com/664x374/cw/ec/32406/Lamborghini-Urus-Exterior-116612.jpg,https://imgd.aeplcdn.com/0x0/cw/makes/lamborghini.webp
Lamborghini,Huracan Evo Spyder,2020,Discontinued,Huracan Evo Spyder,Electric,,,https://imgd.aeplcdn.com/664x374/n/cw/ec/95475/huracan-evo-spyder-exterior-right-front-three-quarter-2.jpeg,https://imgd.aeplcdn.com/0x0/cw/makes/lamborghini.webp
Lamborghini,Huracan Tecnica,2022,Discontinued,Huracan Tecnica,Petrol,,,https://imgd.aeplcdn.com/664x374/n/cw/ec/130671/huracan-tecnica-exterior-right-front-three-quarter-4.jpeg,https://imgd.aeplcdn.com/0x0/cw/makes/lamborghini.webp
Lamborghini,Urus Performante,2022,Discontinued,Urus Performante,Petrol,,,https://imgd.aeplcdn.com/664x374/n/cw/ec/53859/urus-performante-exterior-right-front-three-quarter-4.jpeg,https://imgd.aeplcdn.com/0x0/cw/makes/lamborghini.webp
Lamborghini,Huracan STO,2021,Discontinued,Huracan STO,Petrol,,,https://imgd.aeplcdn.com/664x374/n/cw/ec/97705/huracan-sto-exterior-right-front-three-quarter-4.jpeg,https://imgd.aeplcdn.com/0x0/cw/makes/lamborghini.webp
Lamborghini,Huracan Sterrato,2022,Discontinued,Huracan Sterrato,Petrol,,,https://imgd.aeplcdn.com/664x374/n/cw/ec/163239/huracan-sterrato-exterior-right-front-three-quarter.jpeg,https://imgd.aeplcdn.com/0x0/cw/makes/lamborghini.webp
Lamborghini,Urus S,2023,Discontinued,Urus S,Petrol,,,https://imgd.aeplcdn.com/664x374/n/cw/ec/146547/urus-s-exterior-right-front-three-quarter-6.jpeg,https://imgd.aeplcdn.com/0x0/cw/makes/lamborghini.webp
Lamborghini,Aventador,2011,Discontinued,Aventador,Petrol,,,https://imgd.aeplcdn.com/664x374/cw/ec/9802/Lamborghini-Aventador-Exterior-119862.jpg,https://imgd.aeplcdn.com/0x0/cw/makes/lamborghini.webp
Lamborghini,Revuelto,2023,Active,Revuelto,Petrol,,,https://imgd.aeplcdn.com/664x374/n/cw/ec/164543/revuelto-exterior-right-front-three-quarter-3.png,https://imgd.aeplcdn.com/0x0/cw/makes/lamborghini.webp
Lamborghini,Urus SE,2024,Active,Urus SE,Petrol,,,https://imgd.aeplcdn.com/664x374/n/cw/ec/182149/urus-se-exterior-right-front-three-quarter-4.png,https://imgd.aeplcdn.com/0x0/cw/makes/lamborghini.webp
Lamborghini,Temerario,2025,Active,Temerario,Petrol,,,https://imgd.aeplcdn.com/664x374/n/cw/ec/200453/temerario-exterior-right-front-three-quarter-8.png,https://imgd.aeplcdn.com/0x0/cw/makes/lamborghini.webp
Ferrari,812,2018,Discontinued,812,Petrol,,,https://imgd.aeplcdn.com/664x374/cw/ec/33641/Ferrari-812-Exterior-123393.jpg,https://imgd.aeplcdn.com/0x0/cw/makes/ferrari.webp
Ferrari,GTC4 Lusso,2017,Discontinued,GTC4 Lusso,Petrol,,,https://imgd.aeplcdn.com/664x374/cw/ec/24539/Ferrari-GTC4-Lusso-Exterior-104086.jpg,https://imgd.aeplcdn.com/0x0/cw/makes/ferrari.webp
Ferrari,488,2015,Discontinued,488,Petrol,,,https://imgd.aeplcdn.com/664x374/cw/ec/21101/Ferrari-488-Right-Front-Three-Quarter-61997.jpg,https://imgd.aeplcdn.com/0x0/cw/makes/ferrari.webp
Ferrari,California,2010,Discontinued,California,Petrol,,,https://imgd.aeplcdn.com/664x374/cw/ec/10766/Ferrari-California-Right-Front-Three-Quarter-61993.jpg,https://imgd.aeplcdn.com/0x0/cw/makes/ferrari.webp
Ferrari,FF,2011,Discontinued,FF,Petrol,,,https://imgd.aeplcdn.com/664x374/cw/ec/10775/Ferrari-FF-Right-Front-Three-Quarter-61966.jpg,https://imgd.aeplcdn.com/0x0/cw/makes/ferrari.webp
Ferrari,458,2015,Discontinued,458,Petrol,,,https://imgd.aeplcdn.com/664x374/cw/ec/21090/Ferrari-458-Right-Front-Three-Quarter-61977.jpg,https://imgd.aeplcdn.com/0x0/cw/makes/ferrari.webp
Ferrari,F12berlinetta,2015,Discontinued,F12berlinetta,Petrol,,,https://imgd.aeplcdn.com/664x374/cw/ec/21105/Ferrari-F12berlinetta-Right-Front-Three-Quarter-62007.jpg,https://imgd.aeplcdn.com/0x0/cw/makes/ferrari.webp
Ferrari,849 Testarossa,2026,Active,849 Testarossa,Petrol,,,https://imgd.aeplcdn.com/664x374/n/cw/ec/219214/849-testarossa-exterior-right-front-three-quarter-2.png,https://imgd.aeplcdn.com/0x0/cw/makes/ferrari.webp
Ferrari,Purosangue SUV,2024,Active,Purosangue SUV,Petrol,,,https://imgd.aeplcdn.com/664x374/n/cw/ec/47137/purosangue-suv-exterior-right-front-three-quarter-15.png,https://imgd.aeplcdn.com/0x0/cw/makes/ferrari.webp
Ferrari,296 GTB,2022,Active,296 GTB,Petrol,,,https://imgd.aeplcdn.com/664x374/n/cw/ec/154779/296-gtb-exterior-right-front-three-quarter-24.png,https://imgd.aeplcdn.com/0x0/cw/makes/ferrari.webp
Ferrari,Roma,2021,Active,Roma,Petrol,,,https://imgd.aeplcdn.com/664x374/n/cw/ec/97963/roma-exterior-right-front-three-quarter-3.png,https://imgd.aeplcdn.com/0x0/cw/makes/ferrari.webp
Ferrari,F8 Tributo,2020,Active,F8 Tributo,Petrol,,,https://imgd.aeplcdn.com/664x374/n/cw/ec/49376/f8-tributo-exterior-right-front-three-quarter-13.png,https://imgd.aeplcdn.com/0x0/cw/makes/ferrari.webp
Ferrari,Portofino,2018,Active,Portofino,Petrol,,,https://imgd.aeplcdn.com/664x374/n/cw/ec/36258/portofino-exterior-right-front-three-quarter-2.png,https://imgd.aeplcdn.com/0x0/cw/makes/ferrari.webp
Ferrari,296 GTS,2023,Active,296 GTS,Petrol,,,https://imgd.aeplcdn.com/664x374/n/cw/ec/155685/296-gts-exterior-right-front-three-quarter-5.png,https://imgd.aeplcdn.com/0x0/cw/makes/ferrari.webp
Lexus,Old Generation ES 2018,2018,Discontinued,Old Generation ES 2018,Petrol,,,https://imgd.aeplcdn.com/664x374/n/cw/ec/35351/es-exterior-right-front-three-quarter-3.png,https://imgd.aeplcdn.com/0x0/cw/makes/lexus.webp
Lexus,LX [2017-2022],2017,Discontinued,LX,Petrol,,,https://imgd.aeplcdn.com/664x374/n/cw/ec/28188/lx-exterior-right-front-three-quarter.jpeg,https://imgd.aeplcdn.com/0x0/cw/makes/lexus.webp
Lexus,NX [2017-2022],2017,Discontinued,NX,Petrol,,,https://imgd.aeplcdn.com/664x374/cw/ec/31918/Lexus-NX-Exterior-115308.jpg,https://imgd.aeplcdn.com/0x0/cw/makes/lexus.webp
Lexus,RX [2017-2023],2017,Discontinued,RX,Petrol,,,https://imgd.aeplcdn.com/664x374/cw/ec/28283/Lexus-RX-Right-Front-Three-Quarter-94305.jpg,https://imgd.aeplcdn.com/0x0/cw/makes/lexus.webp
Lexus,LC 500h,2020,Discontinued,LC 500h,Petrol,,,https://imgd.aeplcdn.com/664x374/n/cw/ec/44615/lexus-lc-500h-right-front-three-quarter10.jpeg,https://imgd.aeplcdn.com/0x0/cw/makes/lexus.webp
Lexus,LS,2018,Discontinued,LS,Petrol,,,https://imgd.aeplcdn.com/664x374/n/cw/ec/28191/ls-exterior-right-front-three-quarter-3.jpeg,https://imgd.aeplcdn.com/0x0/cw/makes/lexus.webp
Lexus,UX 300e,2024,Discontinued,UX 300e,Petrol,,,https://imgd.aeplcdn.com/664x374/n/cw/ec/128227/ux-300e-exterior-right-front-three-quarter-2.jpeg,https://imgd.aeplcdn.com/0x0/cw/makes/lexus.webp
Lexus,ES [2017-2018],2017,Discontinued,ES,Petrol,,,https://imgd.aeplcdn.com/664x374/cw/ec/28343/Lexus-ES-Right-Front-Three-Quarter-93381.jpg,https://imgd.aeplcdn.com/0x0/cw/makes/lexus.webp
Lexus,ES,2026,Active,ES,Petrol,,,https://imgd.aeplcdn.com/664x374/n/cw/ec/219038/new-es-exterior-right-front-three-quarter-2.png,https://imgd.aeplcdn.com/0x0/cw/makes/lexus.webp
Lexus,LM,2024,Active,LM,Petrol,,,https://imgd.aeplcdn.com/664x374/n/cw/ec/155855/lm-exterior-right-front-three-quarter-5.png,https://imgd.aeplcdn.com/0x0/cw/makes/lexus.webp
Lexus,LX,2022,Active,LX,Petrol,,,https://imgd.aeplcdn.com/664x374/n/cw/ec/137979/lx-exterior-right-front-three-quarter-40.png,https://imgd.aeplcdn.com/0x0/cw/makes/lexus.webp
Lexus,RX,2023,Active,RX,Petrol,,,https://imgd.aeplcdn.com/664x374/n/cw/ec/139465/rx-exterior-right-front-three-quarter-15.png,https://imgd.aeplcdn.com/0x0/cw/makes/lexus.webp
Lexus,NX,2022,Active,NX,Petrol,,,https://imgd.aeplcdn.com/664x374/n/cw/ec/113023/nx-exterior-right-front-three-quarter-4.png,https://imgd.aeplcdn.com/0x0/cw/makes/lexus.webp
Maserati,GranTurismo [2018-2021],2018,Discontinued,GranTurismo,Petrol,,,https://imgd.aeplcdn.com/664x374/cw/ec/19431/Maserati-GranTurismo-Exterior-138060.jpg,https://imgd.aeplcdn.com/0x0/cw/makes/maserati.webp
Maserati,GranCabrio,2015,Discontinued,GranCabrio,Petrol,,,https://imgd.aeplcdn.com/664x374/ec/FD/1C/19433/img/m/Maserati-GranCabrio-Right-Front-Three-Quarter-54327_ol.jpg,https://imgd.aeplcdn.com/0x0/cw/makes/maserati.webp
Maserati,GranTurismo [2015-2018],2015,Discontinued,GranTurismo,Petrol,,,https://imgd.aeplcdn.com/664x374/ec/90/8E/19431/img/m/Maserati-GranTurismo-Right-Front-Three-Quarter-54318_ol.jpg,https://imgd.aeplcdn.com/0x0/cw/makes/maserati.webp
Maserati,Ghibli [2015-2018],2015,Discontinued,Ghibli,Petrol,,,https://imgd.aeplcdn.com/664x374/ec/A4/84/19425/img/m/Maserati-Ghibli-Right-Front-Three-Quarter-54295_ol.jpg,https://imgd.aeplcdn.com/0x0/cw/makes/maserati.webp
Maserati,Ghibli,2018,Active,Ghibli,Petrol,,,https://imgd.aeplcdn.com/664x374/n/cw/ec/33688/ghibli-exterior-right-front-three-quarter-3.png,https://imgd.aeplcdn.com/0x0/cw/makes/maserati.webp
Maserati,MC20,2021,Active,MC20,Petrol,,,https://imgd.aeplcdn.com/664x374/n/cw/ec/108971/mc20-exterior-right-front-three-quarter-3.png,https://imgd.aeplcdn.com/0x0/cw/makes/maserati.webp
Maserati,Levante,2018,Active,Levante,Petrol,,,https://imgd.aeplcdn.com/664x374/n/cw/ec/26924/levante-exterior-right-front-three-quarter-4.png,https://imgd.aeplcdn.com/0x0/cw/makes/maserati.webp
Maserati,MCPura,2025,Active,MCPura,Petrol,,,https://imgd.aeplcdn.com/664x374/n/cw/ec/210947/mcpura-exterior-right-front-three-quarter-6.png,https://imgd.aeplcdn.com/0x0/cw/makes/maserati.webp
Maserati,Grecale,2024,Active,Grecale,Petrol,,,https://imgd.aeplcdn.com/664x374/n/cw/ec/183271/grecale-exterior-right-front-three-quarter-2.png,https://imgd.aeplcdn.com/0x0/cw/makes/maserati.webp
Maserati,GranTurismo,2024,Active,GranTurismo,Petrol,,,https://imgd.aeplcdn.com/664x374/n/cw/ec/186189/granturismo-exterior-right-front-three-quarter-2.png,https://imgd.aeplcdn.com/0x0/cw/makes/maserati.webp
Maserati,Quattroporte,2015,Active,Quattroporte,Petrol,,,https://imgd.aeplcdn.com/664x374/n/cw/ec/19429/quattroporte-exterior-right-front-three-quarter-149976.png,https://imgd.aeplcdn.com/0x0/cw/makes/maserati.webp
Volvo,XC90 [2022-2025],2022,Discontinued,XC90,Petrol,,,https://imgd.aeplcdn.com/664x374/n/cw/ec/131135/xc90-exterior-right-front-three-quarter-106.jpeg,https://imgd.aeplcdn.com/0x0/cw/makes/volvo.webp
Volvo,XC60 [2022-2025],2022,Discontinued,XC60,Petrol,,,https://imgd.aeplcdn.com/664x374/n/cw/ec/131131/xc60-exterior-right-front-three-quarter-3.jpeg,https://imgd.aeplcdn.com/0x0/cw/makes/volvo.webp
Volvo,S60,2021,Discontinued,S60,Petrol,,,https://imgd.aeplcdn.com/664x374/n/cw/ec/27032/s60-exterior-right-front-three-quarter-3.jpeg,https://imgd.aeplcdn.com/0x0/cw/makes/volvo.webp
Volvo,XC90 [2021-2022],2021,Discontinued,XC90,Petrol,,,https://imgd.aeplcdn.com/664x374/n/cw/ec/106395/exterior-right-front-three-quarter.jpeg,https://imgd.aeplcdn.com/0x0/cw/makes/volvo.webp
Volvo,S90,2022,Discontinued,S90,Petrol,,,https://imgd.aeplcdn.com/664x374/n/cw/ec/131145/s90-exterior-right-front-three-quarter-4.jpeg,https://imgd.aeplcdn.com/0x0/cw/makes/volvo.webp
Volvo,XC40 [2018-2022],2018,Discontinued,XC40,Petrol,,,https://imgd.aeplcdn.com/664x374/cw/ec/32889/Volvo-XC40-Exterior-130763.jpg,https://imgd.aeplcdn.com/0x0/cw/makes/volvo.webp
Volvo,XC90 [2015-2021],2015,Discontinued,XC90,Petrol,,,https://imgd.aeplcdn.com/664x374/cw/ec/18626/Volvo-XC90-Right-Front-Three-Quarter-164462.jpg,https://imgd.aeplcdn.com/0x0/cw/makes/volvo.webp
Volvo,S90 [2021-2022],2021,Discontinued,S90,Petrol,,,https://imgd.aeplcdn.com/664x374/n/cw/ec/105969/exterior-right-front-three-quarter-4.jpeg,https://imgd.aeplcdn.com/0x0/cw/makes/volvo.webp
Volvo,XC60 [2021-2022],2021,Discontinued,XC60,Petrol,,,https://imgd.aeplcdn.com/664x374/n/cw/ec/104723/exterior-right-front-three-quarter-2.jpeg,https://imgd.aeplcdn.com/0x0/cw/makes/volvo.webp
Volvo,XC60 [2017-2021],2017,Discontinued,XC60,Petrol,,,https://imgd.aeplcdn.com/664x374/cw/ec/26783/Volvo-XC60-Exterior-114592.jpg,https://imgd.aeplcdn.com/0x0/cw/makes/volvo.webp
Volvo,V90 Cross Country,2017,Discontinued,V90 Cross Country,Petrol,,,https://imgd.aeplcdn.com/664x374/cw/ec/26873/Volvo-V90-Cross-Country-Right-Front-Three-Quarter-102476.jpg,https://imgd.aeplcdn.com/0x0/cw/makes/volvo.webp
Volvo,S90 [2016-2021],2016,Discontinued,S90,Petrol,,,https://imgd.aeplcdn.com/664x374/cw/ec/22612/Volvo-S90-Right-Front-Three-Quarter-83299.jpg,https://imgd.aeplcdn.com/0x0/cw/makes/volvo.webp
Volvo,XC40,2022,Discontinued,XC40,Petrol,,,https://imgd.aeplcdn.com/664x374/n/cw/ec/131141/xc40-exterior-right-front-three-quarter-108.jpeg,https://imgd.aeplcdn.com/0x0/cw/makes/volvo.webp
Volvo,XC40 Recharge [2022-2024],2022,Discontinued,XC40 Recharge,Petrol,,,https://imgd.aeplcdn.com/664x374/n/cw/ec/51766/xc40-recharge-exterior-right-front-three-quarter-2.jpeg,https://imgd.aeplcdn.com/0x0/cw/makes/volvo.webp
Volvo,S60 [2015-2020],2015,Discontinued,S60,Petrol,,,https://imgd.aeplcdn.com/664x374/cw/ec/18675/Volvo-S60-Exterior-169848.jpg,https://imgd.aeplcdn.com/0x0/cw/makes/volvo.webp
Volvo,V40 [2016-2019],2016,Discontinued,V40,Petrol,,,https://imgd.aeplcdn.com/664x374/cw/ec/22723/Volvo-V40-Right-Front-Three-Quarter-85786.jpg,https://imgd.aeplcdn.com/0x0/cw/makes/volvo.webp
Volvo,V40 Cross Country [2016-2019],2016,Discontinued,V40 Cross Country,Petrol,,,https://imgd.aeplcdn.com/664x374/cw/ec/26228/Volvo-V40-Cross-Country-Right-Front-Three-Quarter-102818.jpg,https://imgd.aeplcdn.com/0x0/cw/makes/volvo.webp
Volvo,XC60 [2013-2015],2013,Discontinued,XC60,Petrol,,,https://imgd.aeplcdn.com/664x374/ec/2c/8E/9930/img/m/Volvo-XC60-Right-Front-Three-Quarter-50744_ol.jpg,https://imgd.aeplcdn.com/0x0/cw/makes/volvo.webp
Volvo,S80 [2015-2017],2015,Discontinued,S80,Petrol,,,https://imgd.aeplcdn.com/664x374/cw/cars/volvo/s80.jpg,https://imgd.aeplcdn.com/0x0/cw/makes/volvo.webp
Volvo,XC60 [2015-2017],2015,Discontinued,XC60,Petrol,,,https://imgd.aeplcdn.com/664x374/ec/e1/F9/18676/img/m/Volvo-XC60-Right-Front-Three-Quarter-51653_ol.jpg,https://imgd.aeplcdn.com/0x0/cw/makes/volvo.webp
Volvo,XC90 [2007-2015],2007,Discontinued,XC90,Petrol,,,https://imgd.aeplcdn.com/664x374/ec/65/91/9931/img/m/Volvo-XC90-Right-Front-Three-Quarter-50724_ol.jpg,https://imgd.aeplcdn.com/0x0/cw/makes/volvo.webp
Volvo,S60 [2013-2015],2013,Discontinued,S60,Petrol,,,https://imgd.aeplcdn.com/664x374/ec/68/C8/9928/img/m/Volvo-S60-Right-Front-Three-Quarter-50745_ol.jpg,https://imgd.aeplcdn.com/0x0/cw/makes/volvo.webp
Volvo,V40 Cross Country [2013-2016],2013,Discontinued,V40 Cross Country,Petrol,,,https://imgd.aeplcdn.com/664x374/cw/cars/volvo/v40 cross country.jpg,https://imgd.aeplcdn.com/0x0/cw/makes/volvo.webp
Volvo,S80 [2014-2015],2014,Discontinued,S80,Petrol,,,https://imgd.aeplcdn.com/664x374/ec/ad/E1/9929/img/m/Volvo-S80-Right-Front-Three-Quarter-48980_ol.jpg,https://imgd.aeplcdn.com/0x0/cw/makes/volvo.webp
Volvo,V40 [2015-2016],2015,Discontinued,V40,Petrol,,,https://imgd.aeplcdn.com/664x374/cw/cars/volvo/v40-only.jpg,https://imgd.aeplcdn.com/0x0/cw/makes/volvo.webp
Volvo,XC90,2025,Active,XC90,Petrol,,,https://imgd.aeplcdn.com/664x374/n/cw/ec/198257/xc90-exterior-right-front-three-quarter-4.png,https://imgd.aeplcdn.com/0x0/cw/makes/volvo.webp
Volvo,EX30,2025,Active,EX30,Petrol,,,https://imgd.aeplcdn.com/664x374/n/cw/ec/173187/ex30-exterior-right-front-three-quarter-6.png,https://imgd.aeplcdn.com/0x0/cw/makes/volvo.webp
Volvo,XC60,2025,Active,XC60,Petrol,,,https://imgd.aeplcdn.com/664x374/n/cw/ec/206978/xc60-exterior-right-front-three-quarter-8.png,https://imgd.aeplcdn.com/0x0/cw/makes/volvo.webp
Volvo,EX40,2024,Active,EX40,Petrol,,,https://imgd.aeplcdn.com/664x374/n/cw/ec/189773/ex40-exterior-right-front-three-quarter-2.png,https://imgd.aeplcdn.com/0x0/cw/makes/volvo.webp
Volvo,EC40,2023,Active,EC40,Petrol,,,https://imgd.aeplcdn.com/664x374/n/cw/ec/150611/c40-recharge-exterior-right-front-three-quarter-3.jpeg,https://imgd.aeplcdn.com/0x0/cw/makes/volvo.webp
Volvo,EX90,2026,Upcoming,EX90,Petrol,,,https://imgd.aeplcdn.com/664x374/n/cw/ec/172845/ex90-exterior-left-front-three-quarter.jpeg,https://imgd.aeplcdn.com/0x0/cw/makes/volvo.webp
ICML,Extreme [2014-2015],2014,Discontinued,Extreme,Petrol,,,https://imgd.aeplcdn.com/664x374/ec/13/D2/18868/img/m/ICML-Extreme-Right-Front-Three-Quarter-52284_ol.jpg,https://imgd.aeplcdn.com/0x0/cw/makes/icml.webp
Jeep,Compass [2017-2021],2017,Discontinued,Compass,Petrol,,,https://imgd.aeplcdn.com/664x374/cw/ec/25107/Jeep-Compass-Exterior-103917.jpg,https://imgd.aeplcdn.com/0x0/cw/makes/jeep.webp
Jeep,Avenger,2026,Discontinued,Avenger,Petrol,,,https://imgd.aeplcdn.com/664x374/n/cw/ec/125241/avenger-exterior-right-front-three-quarter.jpeg,https://imgd.aeplcdn.com/0x0/cw/makes/jeep.webp
Jeep,Wrangler [2019-2021],2019,Discontinued,Wrangler,Petrol,,,https://imgd.aeplcdn.com/664x374/cw/ec/41418/Jeep-Wrangler-Right-Front-Three-Quarter-165896.jpg,https://imgd.aeplcdn.com/0x0/cw/makes/jeep.webp
Jeep,Wrangler [2021-2024],2021,Discontinued,Wrangler,Petrol,,,https://imgd.aeplcdn.com/664x374/n/cw/ec/54437/wrangler-exterior-right-front-three-quarter-52.jpeg,https://imgd.aeplcdn.com/0x0/cw/makes/jeep.webp
Jeep,Renegade,2025,Discontinued,Renegade,Petrol,,,https://imgd.aeplcdn.com/664x374/cw/ec/21592/Jeep-Renegade-Exterior-170081.jpg,https://imgd.aeplcdn.com/0x0/cw/makes/jeep.webp
Jeep,Grand Cherokee [2016-2020],2016,Discontinued,Grand Cherokee,Petrol,,,https://imgd.aeplcdn.com/664x374/cw/ec/9672/Jeep-Grand-Cherokee-Right-Front-Three-Quarter-79395.jpg,https://imgd.aeplcdn.com/0x0/cw/makes/jeep.webp
Jeep,Wrangler [2016-2019],2016,Discontinued,Wrangler,Petrol,,,https://imgd.aeplcdn.com/664x374/cw/ec/10530/Jeep-Wrangler-Right-Front-Three-Quarter-79418.jpg,https://imgd.aeplcdn.com/0x0/cw/makes/jeep.webp
Jeep,Compass,2021,Active,Compass,Petrol,,,https://imgd.aeplcdn.com/664x374/n/cw/ec/47051/compass-exterior-right-front-three-quarter-84.png,https://imgd.aeplcdn.com/0x0/cw/makes/jeep.webp
Jeep,Meridian,2022,Active,Meridian,Petrol,,,https://imgd.aeplcdn.com/664x374/n/cw/ec/47139/meridian-exterior-right-front-three-quarter-18.png,https://imgd.aeplcdn.com/0x0/cw/makes/jeep.webp
Jeep,Wrangler,2024,Active,Wrangler,Petrol,,,https://imgd.aeplcdn.com/664x374/n/cw/ec/174975/wrangler-exterior-right-front-three-quarter-34.png,https://imgd.aeplcdn.com/0x0/cw/makes/jeep.webp
Jeep,Grand Cherokee,2022,Active,Grand Cherokee,Petrol,,,https://imgd.aeplcdn.com/664x374/n/cw/ec/132711/grand-cherokee-exterior-right-front-three-quarter-28.png,https://imgd.aeplcdn.com/0x0/cw/makes/jeep.webp
Jaguar,XE,2019,Discontinued,XE,Petrol,,,https://imgd.aeplcdn.com/664x374/n/cw/ec/43356/jaguar-xe-front-right-three-quarter-7.jpeg,https://imgd.aeplcdn.com/0x0/cw/makes/jaguar.webp
Jaguar,F-Pace [2016-2021],2016,Discontinued,F-Pace,Petrol,,,https://imgd.aeplcdn.com/664x374/cw/ec/20222/Jaguar-FPace-Right-Front-Three-Quarter-81369.jpg,https://imgd.aeplcdn.com/0x0/cw/makes/jaguar.webp
Jaguar,I-Pace,2021,Discontinued,I-Pace,Petrol,,,https://imgd.aeplcdn.com/664x374/n/cw/ec/39480/i-pace-exterior-right-front-three-quarter-2.jpeg,https://imgd.aeplcdn.com/0x0/cw/makes/jaguar.webp
Jaguar,F-Type,2020,Discontinued,F-Type,Petrol,,,https://imgd.aeplcdn.com/664x374/n/cw/ec/46994/f-type-exterior-right-front-three-quarter-3.jpeg,https://imgd.aeplcdn.com/0x0/cw/makes/jaguar.webp
Jaguar,XF,2016,Discontinued,XF,Petrol,,,https://imgd.aeplcdn.com/664x374/n/cw/ec/19826/xf-exterior-right-front-three-quarter-2.jpeg,https://imgd.aeplcdn.com/0x0/cw/makes/jaguar.webp
Jaguar,E-Pace,2025,Discontinued,E-Pace,Electric,,,https://imgd.aeplcdn.com/664x374/cw/ec/31125/Jaguar-EPace-Exterior-170060.jpg,https://imgd.aeplcdn.com/0x0/cw/makes/jaguar.webp
Jaguar,XJ L,2016,Discontinued,XJ L,Petrol,,,https://imgd.aeplcdn.com/664x374/cw/ec/21686/Jaguar-XJ-L-Right-Front-Three-Quarter-64990.jpg,https://imgd.aeplcdn.com/0x0/cw/makes/jaguar.webp
Jaguar,F-Type [2013-2020],2013,Discontinued,F-Type,Petrol,,,https://imgd.aeplcdn.com/664x374/ec/0E/44/10848/img/m/Jaguar-F-Type-Right-Front-Three-Quarter-50881_ol.jpg,https://imgd.aeplcdn.com/0x0/cw/makes/jaguar.webp
Jaguar,XF [2013-2016],2013,Discontinued,XF,Petrol,,,https://imgd.aeplcdn.com/664x374/cw/cars/jaguar/xf.jpg,https://imgd.aeplcdn.com/0x0/cw/makes/jaguar.webp
Jaguar,XE [2016-2019],2016,Discontinued,XE,Petrol,,,https://imgd.aeplcdn.com/664x374/n/cw/ec/14152/jaguar-xe-2016-2019-right-front-three-quarter12.jpeg,https://imgd.aeplcdn.com/0x0/cw/makes/jaguar.webp
Jaguar,XJ L [2014-2016],2014,Discontinued,XJ L,Petrol,,,https://imgd.aeplcdn.com/664x374/cw/cars/jaguar/xj-l.jpg,https://imgd.aeplcdn.com/0x0/cw/makes/jaguar.webp
Jaguar,XK,2009,Discontinued,XK,Petrol,,,https://imgd.aeplcdn.com/664x374/cw/ec/19803/Jaguar-XK-Right-Front-Three-Quarter-55884.jpg,https://imgd.aeplcdn.com/0x0/cw/makes/jaguar.webp
Jaguar,F-Pace,2021,Active,F-Pace,Petrol,,,https://imgd.aeplcdn.com/664x374/n/cw/ec/56265/f-pace-exterior-right-front-three-quarter-5.png,https://imgd.aeplcdn.com/0x0/cw/makes/jaguar.webp
Renault,Triber [2023-2025],2023,Discontinued,Triber,Petrol,,,https://imgd.aeplcdn.com/664x374/n/cw/ec/141119/triber-exterior-right-front-three-quarter-10.jpeg,https://imgd.aeplcdn.com/0x0/cw/makes/renault.webp
Renault,Triber [2019-2023],2019,Discontinued,Triber,Petrol,,,https://imgd.aeplcdn.com/664x374/n/cw/ec/39276/triber-exterior-right-front-three-quarter-168617.jpeg,https://imgd.aeplcdn.com/0x0/cw/makes/renault.webp
Renault,Kiger [2021-2022],2021,Discontinued,Kiger,Petrol,,,https://imgd.aeplcdn.com/664x374/n/cw/ec/44407/kiger-exterior-right-front-three-quarter-12.jpeg,https://imgd.aeplcdn.com/0x0/cw/makes/renault.webp
Renault,Kiger [2022-2023],2022,Discontinued,Kiger,Petrol,,,https://imgd.aeplcdn.com/664x374/n/cw/ec/115135/kiger-exterior-right-front-three-quarter-4.jpeg,https://imgd.aeplcdn.com/0x0/cw/makes/renault.webp
Renault,Kwid [2022-2023],2022,Discontinued,Kwid,Petrol,,,https://imgd.aeplcdn.com/664x374/n/cw/ec/120405/kwid-exterior-right-front-three-quarter-9.jpeg,https://imgd.aeplcdn.com/0x0/cw/makes/renault.webp
Renault,Kiger [2023-2025],2023,Discontinued,Kiger,Petrol,,,https://imgd.aeplcdn.com/664x374/n/cw/ec/141857/kiger-exterior-right-front-three-quarter-9.jpeg,https://imgd.aeplcdn.com/0x0/cw/makes/renault.webp
Renault,Kwid [2019-2022],2019,Discontinued,Kwid,Petrol,,,https://imgd.aeplcdn.com/664x374/n/cw/ec/48543/kwid-exterior-right-front-three-quarter-18.jpeg,https://imgd.aeplcdn.com/0x0/cw/makes/renault.webp
Renault,Old Generation Duster [2020-2022],2020,Discontinued,Old Generation Duster,Petrol,,,https://imgd.aeplcdn.com/664x374/n/cw/ec/47028/duster-exterior-right-front-three-quarter-4.jpeg,https://imgd.aeplcdn.com/0x0/cw/makes/renault.webp
Renault,Duster [2019-2020],2019,Discontinued,Duster,Petrol,,,https://imgd.aeplcdn.com/664x374/cw/ec/32990/Renault-Duster-Right-Front-Three-Quarter-162115.jpg,https://imgd.aeplcdn.com/0x0/cw/makes/renault.webp
Renault,Captur,2019,Discontinued,Captur,Petrol,,,https://imgd.aeplcdn.com/664x374/cw/ec/39217/Renault-Captur-Right-Front-Three-Quarter-153590.jpg,https://imgd.aeplcdn.com/0x0/cw/makes/renault.webp
Renault,Lodgy,2015,Discontinued,Lodgy,Petrol,,,https://imgd.aeplcdn.com/664x374/cw/ec/10448/Renault-Lodgy-Right-Front-Three-Quarter-73220.jpg,https://imgd.aeplcdn.com/0x0/cw/makes/renault.webp
Renault,Kwid [2019] [2019-2019],2019,Discontinued,Kwid [2019],Petrol,,,https://imgd.aeplcdn.com/664x374/cw/ec/39224/Renault-Kwid-Right-Front-Three-Quarter-157741.jpg,https://imgd.aeplcdn.com/0x0/cw/makes/renault.webp
Renault,Duster [2012-2015],2012,Discontinued,Duster,Petrol,,,https://imgd.aeplcdn.com/664x374/cw/cars/discontinued/renault/duster-2012-2015.jpg,https://imgd.aeplcdn.com/0x0/cw/makes/renault.webp
Renault,Scala [2012-2017],2012,Discontinued,Scala,Petrol,,,https://imgd.aeplcdn.com/664x374/ec/11/5C/9945/img/m/Renault-Scala-Right-Front-Three-Quarter-52078_ol.jpg,https://imgd.aeplcdn.com/0x0/cw/makes/renault.webp
Renault,Fluence [2014-2017],2014,Discontinued,Fluence,Petrol,,,https://imgd.aeplcdn.com/664x374/ec/42/B1/17815/img/m/Renault-Fluence-Right-Front-Three-Quarter-48978_ol.jpg,https://imgd.aeplcdn.com/0x0/cw/makes/renault.webp
Renault,Kwid [2015-2019],2015,Discontinued,Kwid,Petrol,,,https://imgd.aeplcdn.com/664x374/cw/ec/18713/Renault-Kwid-Exterior-132531.jpg,https://imgd.aeplcdn.com/0x0/cw/makes/renault.webp
Renault,Duster [2016-2019],2016,Discontinued,Duster,Petrol,,,https://imgd.aeplcdn.com/664x374/cw/ec/22446/Renault-Duster-Exterior-118973.jpg,https://imgd.aeplcdn.com/0x0/cw/makes/renault.webp
Renault,Pulse [2015-2017],2015,Discontinued,Pulse,Petrol,,,https://imgd.aeplcdn.com/664x374/ec/26/CF/18477/img/m/Renault-Pulse-Right-Front-Three-Quarter-50837_ol.jpg,https://imgd.aeplcdn.com/0x0/cw/makes/renault.webp
Renault,Duster [2015-2016],2015,Discontinued,Duster,Petrol,,,https://imgd.aeplcdn.com/664x374/cw/cars/renault/duster.jpg,https://imgd.aeplcdn.com/0x0/cw/makes/renault.webp
Renault,Koleos [2014-2017],2014,Discontinued,Koleos,Petrol,,,https://imgd.aeplcdn.com/664x374/cw/cars/renault/kolese.jpg,https://imgd.aeplcdn.com/0x0/cw/makes/renault.webp
Renault,Captur [2017-2019],2017,Discontinued,Captur,Petrol,,,https://imgd.aeplcdn.com/664x374/cw/ec/25832/Renault-Captur-Exterior-133356.jpg,https://imgd.aeplcdn.com/0x0/cw/makes/renault.webp
Renault,Pulse [2012-2015],2012,Discontinued,Pulse,Petrol,,,https://imgd.aeplcdn.com/664x374/cw/ec/19982/Renault-Pulse-[2012-2015]-Right-Front-Three-Quarter-56901.jpg,https://imgd.aeplcdn.com/0x0/cw/makes/renault.webp
Renault,Fluence [2011-2014],2011,Discontinued,Fluence,Petrol,,,https://imgd.aeplcdn.com/664x374/cw/cars/discontinued/renault/fluence-2011-2014.jpg,https://imgd.aeplcdn.com/0x0/cw/makes/renault.webp
Renault,Koleos [2011-2014],2011,Discontinued,Koleos,Petrol,,,https://imgd.aeplcdn.com/664x374/cw/cars/discontinued/renault/koleos-2011-2014.jpg,https://imgd.aeplcdn.com/0x0/cw/makes/renault.webp
Renault,Duster,2026,Active,Duster,Petrol,,,https://imgd.aeplcdn.com/664x374/n/cw/ec/163801/duster-exterior-right-front-three-quarter-12.png,https://imgd.aeplcdn.com/0x0/cw/makes/renault.webp
Renault,Triber,2025,Active,Triber,Petrol,,,https://imgd.aeplcdn.com/664x374/n/cw/ec/199767/triber-exterior-right-front-three-quarter-26.png,https://imgd.aeplcdn.com/0x0/cw/makes/renault.webp
Renault,Kwid,2023,Active,Kwid,Petrol,,,https://imgd.aeplcdn.com/664x374/n/cw/ec/141125/kwid-exterior-right-front-three-quarter-38.png,https://imgd.aeplcdn.com/0x0/cw/makes/renault.webp
Renault,Kiger,2025,Active,Kiger,Petrol,,,https://imgd.aeplcdn.com/664x374/n/cw/ec/208550/kiger-exterior-right-front-three-quarter-30.png,https://imgd.aeplcdn.com/0x0/cw/makes/renault.webp
Renault,Bridger,2027,Upcoming,Bridger,Petrol,,,https://imgd.aeplcdn.com/664x374/n/cw/ec/218964/bridger-exterior-left-front-three-quarter-4.jpeg,https://imgd.aeplcdn.com/0x0/cw/makes/renault.webp
Renault,Boreal (Bigster),2026,Upcoming,Boreal (Bigster),Petrol,,,https://imgd.aeplcdn.com/664x374/n/cw/ec/189585/bigster-exterior-right-front-three-quarter.jpeg,https://imgd.aeplcdn.com/0x0/cw/makes/renault.webp
Renault,Kwid Facelift,2026,Upcoming,Kwid Facelift,Petrol,,,https://imgd.aeplcdn.com/664x374/n/cw/ec/217559/kwid-facelift-exterior-left-front-three-quarter.avif,https://imgd.aeplcdn.com/0x0/cw/makes/renault.webp
Renault,Kwid EV,2027,Upcoming,Kwid EV,Electric,,,https://imgd.aeplcdn.com/664x374/n/cw/ec/173191/new-kwid-exterior-left-front-three-quarter-4.jpeg,https://imgd.aeplcdn.com/0x0/cw/makes/renault.webp
Bugatti,Veyron,2012,Discontinued,Veyron,Petrol,,,https://imgd.aeplcdn.com/664x374/ec/8D/e4/9779/img/m/Bugatti-Veyron-Right-Front-Three-Quarter-52786_ol.jpg,https://imgd.aeplcdn.com/0x0/cw/makes/bugatti.webp
Aston Martin,Vantage [2018-2024],2018,Discontinued,Vantage,Petrol,,,https://imgd.aeplcdn.com/664x374/n/cw/ec/36225/vantage-exterior-right-front-three-quarter.jpeg,https://imgd.aeplcdn.com/0x0/cw/makes/aston-martin.webp
Aston Martin,Vantage [2024-2024],2024,Discontinued,Vantage,Petrol,,,https://imgd.aeplcdn.com/664x374/n/cw/ec/175497/vantage-exterior-right-front-three-quarter.jpeg,https://imgd.aeplcdn.com/0x0/cw/makes/aston-martin.webp
Aston Martin,Rapide,2012,Discontinued,Rapide,Petrol,,,https://imgd.aeplcdn.com/664x374/cw/ec/9748/Aston-Martin-Rapide-Right-Front-Three-Quarter-83210.jpg,https://imgd.aeplcdn.com/0x0/cw/makes/aston-martin.webp
Aston Martin,Vanquish [2012-2019],2012,Discontinued,Vanquish,Petrol,,,https://imgd.aeplcdn.com/664x374/ec/21/CB/18902/img/m/Aston-Martin-Vanquish-Right-Front-Three-Quarter-52575_ol.jpg,https://imgd.aeplcdn.com/0x0/cw/makes/aston-martin.webp
Aston Martin,DB9,2014,Discontinued,DB9,Petrol,,,https://imgd.aeplcdn.com/664x374/cw/cars/aston-martin/db9.jpg,https://imgd.aeplcdn.com/0x0/cw/makes/aston-martin.webp
Aston Martin,V12 Vantage [2010-2019],2010,Discontinued,V12 Vantage,Petrol,,,https://imgd.aeplcdn.com/664x374/cw/ec/9747/Aston-Martin-V12-Vantage-Right-Front-Three-Quarter-89464.jpg,https://imgd.aeplcdn.com/0x0/cw/makes/aston-martin.webp
Aston Martin,V8 Vantage [2012-2018],2012,Discontinued,V8 Vantage,Petrol,,,https://imgd.aeplcdn.com/664x374/cw/ec/9743/Aston-Martin-V8-Vantage-Exterior-130759.jpg,https://imgd.aeplcdn.com/0x0/cw/makes/aston-martin.webp
Aston Martin,Vanquish,2025,Active,Vanquish,Petrol,,,https://imgd.aeplcdn.com/664x374/n/cw/ec/199469/vanquish-exterior-right-front-three-quarter-7.png,https://imgd.aeplcdn.com/0x0/cw/makes/aston-martin.webp
Aston Martin,DB11,2016,Active,DB11,Petrol,,,https://imgd.aeplcdn.com/664x374/n/cw/ec/25539/db11-exterior-right-front-three-quarter-82873.png,https://imgd.aeplcdn.com/0x0/cw/makes/aston-martin.webp
Aston Martin,DBX,2022,Active,DBX,Petrol,,,https://imgd.aeplcdn.com/664x374/n/cw/ec/134427/dbx-exterior-right-front-three-quarter-8.png,https://imgd.aeplcdn.com/0x0/cw/makes/aston-martin.webp
Aston Martin,Vantage,2024,Active,Vantage,Petrol,,,https://imgd.aeplcdn.com/664x374/n/cw/ec/186003/vantage-exterior-right-front-three-quarter-6.png,https://imgd.aeplcdn.com/0x0/cw/makes/aston-martin.webp
Aston Martin,DB12,2023,Active,DB12,Petrol,,,https://imgd.aeplcdn.com/664x374/n/cw/ec/158905/db12-exterior-right-front-three-quarter-2.png,https://imgd.aeplcdn.com/0x0/cw/makes/aston-martin.webp
Force Motors,Gurkha [2021-2024],2021,Discontinued,Gurkha,Petrol,,,https://imgd.aeplcdn.com/664x374/n/cw/ec/49096/gurkha-new-exterior-right-front-three-quarter-3.jpeg,https://imgd.aeplcdn.com/0x0/cw/makes/force-motors.webp
Force Motors,Gurkha [2017-2020],2017,Discontinued,Gurkha,Petrol,,,https://imgd.aeplcdn.com/664x374/cw/ec/28300/Force-Motors-Gurkha-Exterior-141613.jpg,https://imgd.aeplcdn.com/0x0/cw/makes/force-motors.webp
Force Motors,Force One,2011,Discontinued,Force One,Petrol,,,https://imgd.aeplcdn.com/664x374/ec/74/70/9794/img/m/Force-Motors-Force-One-Right-Front-Three-Quarter-52849_ol.jpg,https://imgd.aeplcdn.com/0x0/cw/makes/force-motors.webp
Force Motors,Gurkha [2013-2017],2013,Discontinued,Gurkha,Petrol,,,https://imgd.aeplcdn.com/664x374/cw/cars/force/gurkha.jpg,https://imgd.aeplcdn.com/0x0/cw/makes/force-motors.webp
Force Motors,Gurkha,2024,Active,Gurkha,Petrol,,,https://imgd.aeplcdn.com/664x374/n/cw/ec/124851/gurkha-exterior-right-front-three-quarter-27.png,https://imgd.aeplcdn.com/0x0/cw/makes/force-motors.webp
Force Motors,Trax Cruiser,2020,Active,Trax Cruiser,Petrol,,,https://imgd.aeplcdn.com/664x374/n/cw/ec/135589/trax-cruiser-exterior-right-front-three-quarter-3.png,https://imgd.aeplcdn.com/0x0/cw/makes/force-motors.webp
Mini,Countryman JCW,2025,Discontinued,Countryman JCW,Petrol,,,https://imgd.aeplcdn.com/664x374/n/cw/ec/210382/countryman-jcw-exterior-right-front-three-quarter.webp,https://imgd.aeplcdn.com/0x0/cw/makes/mini.webp
Mini,Cooper Convertible,2018,Discontinued,Cooper Convertible,Petrol,,,https://imgd.aeplcdn.com/664x374/n/cw/ec/34561/cooper-convertible-exterior-right-front-three-quarter-2.jpeg,https://imgd.aeplcdn.com/0x0/cw/makes/mini.webp
Mini,Cooper [2018-2024],2018,Discontinued,Cooper,Petrol,,,https://imgd.aeplcdn.com/664x374/n/cw/ec/34560/cooper-2018-2024-exterior-right-front-three-quarter-3.jpeg,https://imgd.aeplcdn.com/0x0/cw/makes/mini.webp
Mini,Cooper JCW,2021,Discontinued,Cooper JCW,Petrol,,,https://imgd.aeplcdn.com/664x374/n/cw/ec/39603/cooper-jcw-exterior-right-front-three-quarter-2.jpeg,https://imgd.aeplcdn.com/0x0/cw/makes/mini.webp
Mini,Clubman,2020,Discontinued,Clubman,Petrol,,,https://imgd.aeplcdn.com/664x374/n/cw/ec/50379/clubman-exterior-right-front-three-quarter.jpeg,https://imgd.aeplcdn.com/0x0/cw/makes/mini.webp
Mini,Clubman [2016-2020],2016,Discontinued,Clubman,Petrol,,,https://imgd.aeplcdn.com/664x374/cw/ec/26204/Mini-Clubman-Right-Front-Three-Quarter-85339.jpg,https://imgd.aeplcdn.com/0x0/cw/makes/mini.webp
Mini,Cooper Convertible [2016-2018],2016,Discontinued,Cooper Convertible,Petrol,,,https://imgd.aeplcdn.com/664x374/cw/ec/22576/Mini-Cooper-Convertible-Right-Front-Three-Quarter-69481.jpg,https://imgd.aeplcdn.com/0x0/cw/makes/mini.webp
Mini,Cooper Countryman [2012-2015],2012,Discontinued,Cooper Countryman,Petrol,,,https://imgd.aeplcdn.com/664x374/ec/E0/8d/18746/img/m/Mini-Cooper-Countryman-Right-Front-Three-Quarter-51906_ol.jpg,https://imgd.aeplcdn.com/0x0/cw/makes/mini.webp
Mini,Cooper [2014-2018],2014,Discontinued,Cooper,Petrol,,,https://imgd.aeplcdn.com/664x374/cw/cars/mini/cooper.jpg,https://imgd.aeplcdn.com/0x0/cw/makes/mini.webp
Mini,Countryman [2015-2018],2015,Discontinued,Countryman,Petrol,,,https://imgd.aeplcdn.com/664x374/ec/BD/EC/19662/img/m/Mini-Countryman-Right-Front-Three-Quarter-55249_ol.jpg,https://imgd.aeplcdn.com/0x0/cw/makes/mini.webp
Mini,Cooper Convertible [2014-2016],2014,Discontinued,Cooper Convertible,Petrol,,,https://imgd.aeplcdn.com/664x374/cw/cars/mini/cooper-convertible.jpg,https://imgd.aeplcdn.com/0x0/cw/makes/mini.webp
Mini,Cooper,2024,Active,Cooper,Petrol,,,https://imgd.aeplcdn.com/664x374/n/cw/ec/180421/cooper-exterior-right-front-three-quarter-16.png,https://imgd.aeplcdn.com/0x0/cw/makes/mini.webp
Mini,Cooper S Convertible,2025,Active,Cooper S Convertible,Petrol,,,https://imgd.aeplcdn.com/664x374/n/cw/ec/212765/cooper-s-convertible-exterior-right-front-three-quarter-7.png,https://imgd.aeplcdn.com/0x0/cw/makes/mini.webp
Mini,Countryman,2018,Active,Countryman,Petrol,,,https://imgd.aeplcdn.com/664x374/n/cw/ec/34290/countryman-exterior-right-front-three-quarter-49.png,https://imgd.aeplcdn.com/0x0/cw/makes/mini.webp
Mini,Cooper SE,2022,Active,Cooper SE,Petrol,,,https://imgd.aeplcdn.com/664x374/n/cw/ec/108863/cooper-se-exterior-right-front-three-quarter-40.png,https://imgd.aeplcdn.com/0x0/cw/makes/mini.webp
Mini,Countryman Electric,2024,Active,Countryman Electric,Electric,,,https://imgd.aeplcdn.com/664x374/n/cw/ec/181081/countryman-electric-exterior-right-front-three-quarter-13.png,https://imgd.aeplcdn.com/0x0/cw/makes/mini.webp
Ashok Leyland,Stile [2013-2015],2013,Discontinued,Stile,Petrol,,,https://imgd.aeplcdn.com/664x374/cw/cars/ashok/stile.jpg,https://imgd.aeplcdn.com/0x0/cw/makes/ashok-leyland.webp
Ssangyong,Rexton,2012,Discontinued,Rexton,Petrol,,,https://imgd.aeplcdn.com/664x374/cw/ec/9437/Ssangyong-Rexton-Right-Front-Three-Quarter-92143.jpg,https://imgd.aeplcdn.com/0x0/cw/makes/ssangyong.webp
Datsun,GO+,2018,Discontinued,GO+,Petrol,,,https://imgd.aeplcdn.com/664x374/n/cw/ec/36451/go-plus-exterior-right-front-three-quarter.jpeg,https://imgd.aeplcdn.com/0x0/cw/makes/datsun.webp
Datsun,redi-GO,2020,Discontinued,redi-GO,Petrol,,,https://imgd.aeplcdn.com/664x374/n/cw/ec/45245/datsun-redi-go-right-front-three-quarter19.jpeg,https://imgd.aeplcdn.com/0x0/cw/makes/datsun.webp
Datsun,GO,2018,Discontinued,GO,Petrol,,,https://imgd.aeplcdn.com/664x374/cw/ec/36449/Datsun-Go-Exterior-138944.jpg,https://imgd.aeplcdn.com/0x0/cw/makes/datsun.webp
Datsun,redi-GO [2016-2020],2016,Discontinued,redi-GO,Petrol,,,https://imgd.aeplcdn.com/664x374/cw/ec/12795/Datsun-RediGO-Right-Front-Three-Quarter-91418.jpg,https://imgd.aeplcdn.com/0x0/cw/makes/datsun.webp
Datsun,GO Plus [2015-2018],2015,Discontinued,GO Plus,Petrol,,,https://imgd.aeplcdn.com/664x374/cw/ec/11240/Datsun-GO-Plus-Exterior-119167.jpg,https://imgd.aeplcdn.com/0x0/cw/makes/datsun.webp
Datsun,GO [2014-2018],2014,Discontinued,GO,Petrol,,,https://imgd.aeplcdn.com/664x374/cw/ec/36449/Datsun-GO-Exterior-138001.jpg,https://imgd.aeplcdn.com/0x0/cw/makes/datsun.webp
Isuzu,D-Max [2021-2024],2021,Discontinued,D-Max,Petrol,,,https://imgd.aeplcdn.com/664x374/n/cw/ec/48082/d-max-exterior-right-side-view-2.jpeg,https://imgd.aeplcdn.com/0x0/cw/makes/isuzu.webp
Isuzu,D-MAX V-Cross [2019-2020],2019,Discontinued,D-MAX V-Cross,Petrol,,,https://imgd.aeplcdn.com/664x374/cw/ec/40760/Isuzu-DMAX-VCross-Exterior-160700.jpg,https://imgd.aeplcdn.com/0x0/cw/makes/isuzu.webp
Isuzu,MU-X [2018-2020],2018,Discontinued,MU-X,Petrol,,,https://imgd.aeplcdn.com/664x374/cw/ec/36646/Isuzu-MUX-Exterior-138329.jpg,https://imgd.aeplcdn.com/0x0/cw/makes/isuzu.webp
Isuzu,MU7 [2014-2017],2014,Discontinued,MU7,Petrol,,,https://imgd.aeplcdn.com/664x374/cw/ec/19839/Isuzu-MU7-Right-Front-Three-Quarter-56158.jpg,https://imgd.aeplcdn.com/0x0/cw/makes/isuzu.webp
Isuzu,D-Max V-Cross [2016-2018],2016,Discontinued,D-Max V-Cross,Petrol,,,https://imgd.aeplcdn.com/664x374/cw/ec/23175/Isuzu-D-Max-V-Cross-Right-Front-Three-Quarter-72878.jpg,https://imgd.aeplcdn.com/0x0/cw/makes/isuzu.webp
Isuzu,D-MAX V-Cross [2018-2019],2018,Discontinued,D-MAX V-Cross,Petrol,,,https://imgd.aeplcdn.com/664x374/cw/ec/32678/Isuzu-DMax-VCross-Exterior-116780.jpg,https://imgd.aeplcdn.com/0x0/cw/makes/isuzu.webp
Isuzu,MU-X [2017-2018],2017,Discontinued,MU-X,Petrol,,,https://imgd.aeplcdn.com/664x374/cw/ec/21611/Isuzu-MUX-Exterior-96400.jpg,https://imgd.aeplcdn.com/0x0/cw/makes/isuzu.webp
Isuzu,Hi-Lander,2026,Active,Hi-Lander,Petrol,,,https://imgd.aeplcdn.com/664x374/n/cw/ec/218682/hi-lander-exterior-right-front-three-quarter-2.png,https://imgd.aeplcdn.com/0x0/cw/makes/isuzu.webp
Isuzu,V-Cross,2024,Active,V-Cross,Petrol,,,https://imgd.aeplcdn.com/664x374/n/cw/ec/175515/v-cross-exterior-right-front-three-quarter-3.png,https://imgd.aeplcdn.com/0x0/cw/makes/isuzu.webp
Isuzu,MU-X,2021,Active,MU-X,Petrol,,,https://imgd.aeplcdn.com/664x374/n/cw/ec/48084/mu-x-exterior-right-front-three-quarter-5.png,https://imgd.aeplcdn.com/0x0/cw/makes/isuzu.webp
DC,Avanti,2015,Discontinued,Avanti,Petrol,,,https://imgd.aeplcdn.com/664x374/cw/ec/19505/DC-Avanti-Right-Front-Three-Quarter-55890.jpg,https://imgd.aeplcdn.com/0x0/cw/makes/dc.webp
Eicher Polaris,Multix,2015,Discontinued,Multix,Electric,,,https://imgd.aeplcdn.com/664x374/ec/f7/C6/19235/img/m/Eicher-Polaris-Multix-Right-Front-Three-Quarter-53575_ol.jpg,https://imgd.aeplcdn.com/0x0/cw/makes/eicher-polaris.webp
Kia,Old Generation Seltos 2024,2024,Discontinued,Old Generation Seltos 2024,Petrol,,,https://imgd.aeplcdn.com/664x374/n/cw/ec/174323/seltos-exterior-right-front-three-quarter-4.png,https://imgd.aeplcdn.com/0x0/cw/makes/kia.webp
Kia,Seltos [2019-2022],2019,Discontinued,Seltos,Petrol,,,https://imgd.aeplcdn.com/664x374/n/cw/ec/33372/seltos-exterior-right-front-three-quarter-3.jpeg,https://imgd.aeplcdn.com/0x0/cw/makes/kia.webp
Kia,Sonet [2022-2023],2022,Discontinued,Sonet,Petrol,,,https://imgd.aeplcdn.com/664x374/n/cw/ec/115451/sonet-exterior-right-front-three-quarter.jpeg,https://imgd.aeplcdn.com/0x0/cw/makes/kia.webp
Kia,Sonet [2020-2022],2020,Discontinued,Sonet,Petrol,,,https://imgd.aeplcdn.com/664x374/n/cw/ec/41523/sonet-exterior-right-front-three-quarter-110.jpeg,https://imgd.aeplcdn.com/0x0/cw/makes/kia.webp
Kia,Carens [2022-2023],2022,Discontinued,Carens,Petrol,,,https://imgd.aeplcdn.com/664x374/n/cw/ec/107539/exterior-right-front-three-quarter.jpeg,https://imgd.aeplcdn.com/0x0/cw/makes/kia.webp
Kia,Seltos BS6 Phase 2 [2023-2023],2023,Discontinued,Seltos BS6 Phase 2,Petrol,,,https://imgd.aeplcdn.com/664x374/n/cw/ec/144159/seltos-exterior-right-front-three-quarter.jpeg,https://imgd.aeplcdn.com/0x0/cw/makes/kia.webp
Kia,EV6 [2022-2025],2022,Discontinued,EV6,Petrol,,,https://imgd.aeplcdn.com/664x374/n/cw/ec/114971/ev6-exterior-right-front-three-quarter-4.jpeg,https://imgd.aeplcdn.com/0x0/cw/makes/kia.webp
Kia,Sonet [2023-2024],2023,Discontinued,Sonet,Petrol,,,https://imgd.aeplcdn.com/664x374/n/cw/ec/144185/sonet-exterior-right-front-three-quarter-3.jpeg,https://imgd.aeplcdn.com/0x0/cw/makes/kia.webp
Kia,Sonet [2024-2024],2024,Discontinued,Sonet,Petrol,,,https://imgd.aeplcdn.com/664x374/n/cw/ec/141383/sonet-facelift-exterior-right-front-three-quarter-8.jpeg,https://imgd.aeplcdn.com/0x0/cw/makes/kia.webp
Kia,Seltos [2022-2023],2022,Discontinued,Seltos,Petrol,,,https://imgd.aeplcdn.com/664x374/n/cw/ec/115501/seltos-exterior-right-front-three-quarter.jpeg,https://imgd.aeplcdn.com/0x0/cw/makes/kia.webp
Kia,Seltos [2023-2024],2023,Discontinued,Seltos,Petrol,,,https://imgd.aeplcdn.com/664x374/n/cw/ec/135051/seltos-exterior-right-front-three-quarter-31.jpeg,https://imgd.aeplcdn.com/0x0/cw/makes/kia.webp
Kia,Carens [2023-2024],2023,Discontinued,Carens,Petrol,,,https://imgd.aeplcdn.com/664x374/n/cw/ec/144163/carens-exterior-right-front-three-quarter-5.jpeg,https://imgd.aeplcdn.com/0x0/cw/makes/kia.webp
Kia,Carnival [2020-2023],2020,Discontinued,Carnival,Petrol,,,https://imgd.aeplcdn.com/664x374/n/cw/ec/41205/carnival-exterior-right-front-three-quarter-55.jpeg,https://imgd.aeplcdn.com/0x0/cw/makes/kia.webp
Kia,Rio,2024,Discontinued,Rio,Petrol,,,https://imgd.aeplcdn.com/664x374/cw/ec/34131/Kia-Rio-Exterior-170078.jpg,https://imgd.aeplcdn.com/0x0/cw/makes/kia.webp
Kia,Seltos,2026,Active,Seltos,Petrol,,,https://imgd.aeplcdn.com/664x374/n/cw/ec/192817/seltos-exterior-right-front-three-quarter-50.png,https://imgd.aeplcdn.com/0x0/cw/makes/kia.webp
Kia,Sonet,2024,Active,Sonet,Petrol,,,https://imgd.aeplcdn.com/664x374/n/cw/ec/174423/sonet-exterior-right-front-three-quarter-12.png,https://imgd.aeplcdn.com/0x0/cw/makes/kia.webp
Kia,Carens Clavis,2025,Active,Carens Clavis,Petrol,,,https://imgd.aeplcdn.com/664x374/n/cw/ec/195199/carens-clavis-exterior-right-front-three-quarter-3.png,https://imgd.aeplcdn.com/0x0/cw/makes/kia.webp
Kia,Carens,2024,Active,Carens,Petrol,,,https://imgd.aeplcdn.com/664x374/n/cw/ec/174325/carens-exterior-right-front-three-quarter-9.png,https://imgd.aeplcdn.com/0x0/cw/makes/kia.webp
Kia,Syros,2025,Active,Syros,Petrol,,,https://imgd.aeplcdn.com/664x374/n/cw/ec/168707/syros-exterior-right-front-three-quarter-12.png,https://imgd.aeplcdn.com/0x0/cw/makes/kia.webp
Kia,Carnival,2024,Active,Carnival,Petrol,,,https://imgd.aeplcdn.com/664x374/n/cw/ec/138947/carnival-exterior-right-front-three-quarter-20.png,https://imgd.aeplcdn.com/0x0/cw/makes/kia.webp
Kia,Carens Clavis EV,2025,Active,Carens Clavis EV,Electric,,,https://imgd.aeplcdn.com/664x374/n/cw/ec/174553/carens-clavis-ev-exterior-right-front-three-quarter-4.png,https://imgd.aeplcdn.com/0x0/cw/makes/kia.webp
Kia,EV6,2025,Active,EV6,Petrol,,,https://imgd.aeplcdn.com/664x374/n/cw/ec/186465/ev6-exterior-right-front-three-quarter-3.png,https://imgd.aeplcdn.com/0x0/cw/makes/kia.webp
Kia,EV9,2024,Active,EV9,Petrol,,,https://imgd.aeplcdn.com/664x374/n/cw/ec/144485/ev9-exterior-right-front-three-quarter-6.png,https://imgd.aeplcdn.com/0x0/cw/makes/kia.webp
Kia,Sorento,2026,Upcoming,Sorento,Petrol,,,https://imgd.aeplcdn.com/664x374/n/cw/ec/214457/sorento-exterior-right-front-three-quarter.avif,https://imgd.aeplcdn.com/0x0/cw/makes/kia.webp
Kia,EV3,2026,Upcoming,EV3,Petrol,,,https://imgd.aeplcdn.com/664x374/n/cw/ec/176961/ev3-exterior-left-front-three-quarter-2.jpeg,https://imgd.aeplcdn.com/0x0/cw/makes/kia.webp
Kia,Syros EV,2026,Upcoming,Syros EV,Electric,,,https://imgd.aeplcdn.com/664x374/n/cw/ec/200981/syros-ev-exterior-right-front-three-quarter-2.png,https://imgd.aeplcdn.com/0x0/cw/makes/kia.webp
Kia,Tasman,2027,Upcoming,Tasman,Petrol,,,https://imgd.aeplcdn.com/664x374/n/cw/ec/191513/tasman-exterior-left-front-three-quarter.jpeg,https://imgd.aeplcdn.com/0x0/cw/makes/kia.webp
Kia,EV5,2026,Upcoming,EV5,Petrol,,,https://imgd.aeplcdn.com/664x374/n/cw/ec/162959/ev5-exterior-left-front-three-quarter.jpeg,https://imgd.aeplcdn.com/0x0/cw/makes/kia.webp
MG,Hector [2019-2021],2019,Discontinued,Hector,Petrol,,,https://imgd.aeplcdn.com/664x374/cw/ec/36756/MG-Hector-Right-Front-Three-Quarter-166301.jpg,https://imgd.aeplcdn.com/0x0/cw/makes/mg.webp
MG,Hector [2021-2023],2021,Discontinued,Hector,Petrol,,,https://imgd.aeplcdn.com/664x374/n/cw/ec/52565/hector-exterior-right-front-three-quarter-3.jpeg,https://imgd.aeplcdn.com/0x0/cw/makes/mg.webp
MG,Hector [2023-2025],2023,Discontinued,Hector,Petrol,,,https://imgd.aeplcdn.com/664x374/n/cw/ec/130583/hector-exterior-right-front-three-quarter-87.png,https://imgd.aeplcdn.com/0x0/cw/makes/mg.webp
MG,Hector Plus [2020-2023],2020,Discontinued,Hector Plus,Petrol,,,https://imgd.aeplcdn.com/664x374/n/cw/ec/45184/hector-plus-exterior-right-front-three-quarter-7.jpeg,https://imgd.aeplcdn.com/0x0/cw/makes/mg.webp
MG,Hector Plus [2023-2025],2023,Discontinued,Hector Plus,Petrol,,,https://imgd.aeplcdn.com/664x374/n/cw/ec/139315/hector-plus-exterior-right-front-three-quarter-15.png,https://imgd.aeplcdn.com/0x0/cw/makes/mg.webp
MG,ZS EV [2020-2022],2020,Discontinued,ZS EV,Electric,,,https://imgd.aeplcdn.com/664x374/n/cw/ec/39348/zs-ev-exterior-right-front-three-quarter-2.jpeg,https://imgd.aeplcdn.com/0x0/cw/makes/mg.webp
MG,Gloster [2020-2022],2020,Discontinued,Gloster,Petrol,,,https://imgd.aeplcdn.com/664x374/n/cw/ec/43485/gloster-exterior-right-front-three-quarter-3.jpeg,https://imgd.aeplcdn.com/0x0/cw/makes/mg.webp
MG,Euniq 7,2024,Discontinued,Euniq 7,Petrol,,,https://imgd.aeplcdn.com/664x374/n/cw/ec/139647/euniq-7-exterior-right-front-three-quarter.jpeg,https://imgd.aeplcdn.com/0x0/cw/makes/mg.webp
MG,eRX5,2024,Discontinued,eRX5,Petrol,,,https://imgd.aeplcdn.com/664x374/n/cw/ec/139813/erx5-exterior-left-front-three-quarter.jpeg,https://imgd.aeplcdn.com/0x0/cw/makes/mg.webp
MG,4,2024,Discontinued,4,Petrol,,,https://imgd.aeplcdn.com/664x374/n/cw/ec/139753/4-exterior-right-front-three-quarter.jpeg,https://imgd.aeplcdn.com/0x0/cw/makes/mg.webp
MG,Marvel R,2024,Discontinued,Marvel R,Petrol,,,https://imgd.aeplcdn.com/664x374/n/cw/ec/139805/marvel-r-exterior-left-front-three-quarter.jpeg,https://imgd.aeplcdn.com/0x0/cw/makes/mg.webp
MG,eHS,2024,Discontinued,eHS,Petrol,,,https://imgd.aeplcdn.com/664x374/n/cw/ec/139769/ehs-exterior-right-front-three-quarter-3.jpeg,https://imgd.aeplcdn.com/0x0/cw/makes/mg.webp
MG,6,2024,Discontinued,6,Petrol,,,https://imgd.aeplcdn.com/664x374/n/cw/ec/139779/6-exterior-left-front-three-quarter.jpeg,https://imgd.aeplcdn.com/0x0/cw/makes/mg.webp
MG,5 Estate,2024,Discontinued,5 Estate,Petrol,,,https://imgd.aeplcdn.com/664x374/n/cw/ec/139823/5-estate-exterior-left-front-three-quarter.jpeg,https://imgd.aeplcdn.com/0x0/cw/makes/mg.webp
MG,Windsor EV,2024,Active,Windsor EV,Electric,,,https://imgd.aeplcdn.com/664x374/n/cw/ec/174611/windsor-ev-exterior-right-front-three-quarter-84.png,https://imgd.aeplcdn.com/0x0/cw/makes/mg.webp
MG,Hector,2025,Active,Hector,Petrol,,,https://imgd.aeplcdn.com/664x374/n/cw/ec/212881/hector-facelift-exterior-right-front-three-quarter.png,https://imgd.aeplcdn.com/0x0/cw/makes/mg.webp
MG,Comet EV,2023,Active,Comet EV,Electric,,,https://imgd.aeplcdn.com/664x374/n/cw/ec/125193/comet-ev-exterior-right-front-three-quarter-31.png,https://imgd.aeplcdn.com/0x0/cw/makes/mg.webp
MG,Cyberster,2025,Active,Cyberster,Petrol,,,https://imgd.aeplcdn.com/664x374/n/cw/ec/193375/cyberster-exterior-right-front-three-quarter-10.png,https://imgd.aeplcdn.com/0x0/cw/makes/mg.webp
MG,Astor,2021,Active,Astor,Petrol,,,https://imgd.aeplcdn.com/664x374/n/cw/ec/51940/astor-exterior-right-front-three-quarter-8.png,https://imgd.aeplcdn.com/0x0/cw/makes/mg.webp
MG,M9,2025,Active,M9,Petrol,,,https://imgd.aeplcdn.com/664x374/n/cw/ec/139761/m9-exterior-right-front-three-quarter-3.png,https://imgd.aeplcdn.com/0x0/cw/makes/mg.webp
MG,ZS EV,2022,Active,ZS EV,Electric,,,https://imgd.aeplcdn.com/664x374/n/cw/ec/110437/zs-ev-exterior-right-front-three-quarter-70.png,https://imgd.aeplcdn.com/0x0/cw/makes/mg.webp
MG,Hector Plus,2025,Active,Hector Plus,Petrol,,,https://imgd.aeplcdn.com/664x374/n/cw/ec/214253/hector-plus-exterior-right-front-three-quarter.png,https://imgd.aeplcdn.com/0x0/cw/makes/mg.webp
MG,Gloster,2022,Active,Gloster,Petrol,,,https://imgd.aeplcdn.com/664x374/n/cw/ec/129689/gloster-exterior-right-front-three-quarter-5.png,https://imgd.aeplcdn.com/0x0/cw/makes/mg.webp
MG,Majestor,2026,Upcoming,Majestor,Petrol,,,https://imgd.aeplcdn.com/664x374/n/cw/ec/166035/majestor-exterior-right-front-three-quarter-7.avif,https://imgd.aeplcdn.com/0x0/cw/makes/mg.webp
MG,Astor Facelift,2026,Upcoming,Astor Facelift,Petrol,,,https://imgd.aeplcdn.com/664x374/n/cw/ec/185899/astor-facelift-exterior-right-front-three-quarter.jpeg,https://imgd.aeplcdn.com/0x0/cw/makes/mg.webp
MG,IM6,2026,Upcoming,IM6,Petrol,,,https://imgd.aeplcdn.com/664x374/n/cw/ec/219752/im6-exterior-left-front-three-quarter.jpeg,https://imgd.aeplcdn.com/0x0/cw/makes/mg.webp
Tesla,Model Y,2025,Active,Model Y,Electric,,,https://imgd.aeplcdn.com/664x374/n/cw/ec/201411/model-y-exterior-right-front-three-quarter-5.png,https://imgd.aeplcdn.com/0x0/cw/makes/tesla.webp
Tesla,Model 3,2027,Upcoming,Model 3,Electric,,,https://imgd.aeplcdn.com/664x374/n/cw/ec/37138/model-3-exterior-right-front-three-quarter-2.png,https://imgd.aeplcdn.com/0x0/cw/makes/tesla.webp
Tesla,Model S,2027,Upcoming,Model S,Electric,,,https://imgd.aeplcdn.com/664x374/n/cw/ec/93821/exterior-right-front-three-quarter.jpeg,https://imgd.aeplcdn.com/0x0/cw/makes/tesla.webp
Citroen,Aircross,2024,Discontinued,Aircross,Petrol,,,https://imgd.aeplcdn.com/664x374/n/cw/ec/188399/aircross-exterior-right-front-three-quarter.jpeg,https://imgd.aeplcdn.com/0x0/cw/makes/citroen.webp
Citroen,Basalt,2024,Discontinued,Basalt,Petrol,,,https://imgd.aeplcdn.com/664x374/n/cw/ec/163873/basalt-exterior-right-front-three-quarter-3.jpeg,https://imgd.aeplcdn.com/0x0/cw/makes/citroen.webp
Citroen,C5 Aircross [2021-2022],2021,Discontinued,C5 Aircross,Petrol,,,https://imgd.aeplcdn.com/664x374/n/cw/ec/38601/c5-aircross-exterior-right-front-three-quarter-103.jpeg,https://imgd.aeplcdn.com/0x0/cw/makes/citroen.webp
Citroen,C3 Aircross [2023-2024],2023,Discontinued,C3 Aircross,Petrol,,,https://imgd.aeplcdn.com/664x374/n/cw/ec/142375/c3-aircross-exterior-right-front-three-quarter-34.jpeg,https://imgd.aeplcdn.com/0x0/cw/makes/citroen.webp
Citroen,sub-4-metre compact SUV,2024,Discontinued,sub-4-metre compact SUV,Petrol,,,https://imgd.aeplcdn.com/664x374/n/cw/ec/128928/sub-4-metre-compact-suv-exterior-left-rear-three-quarter.jpeg,https://imgd.aeplcdn.com/0x0/cw/makes/citroen.webp
Citroen,C3,2022,Active,C3,Petrol,,,https://imgd.aeplcdn.com/664x374/n/cw/ec/103611/c3-exterior-right-front-three-quarter-34.png,https://imgd.aeplcdn.com/0x0/cw/makes/citroen.webp
Citroen,Aircross X,2025,Active,Aircross X,Petrol,,,https://imgd.aeplcdn.com/664x374/n/cw/ec/210879/aircross-x-exterior-right-front-three-quarter-2.png,https://imgd.aeplcdn.com/0x0/cw/makes/citroen.webp
Citroen,Basalt X,2025,Active,Basalt X,Petrol,,,https://imgd.aeplcdn.com/664x374/n/cw/ec/209805/basalt-x-exterior-right-front-three-quarter-3.png,https://imgd.aeplcdn.com/0x0/cw/makes/citroen.webp
Citroen,eC3,2023,Active,eC3,Petrol,,,https://imgd.aeplcdn.com/664x374/n/cw/ec/132771/ec3-exterior-right-front-three-quarter-8.png,https://imgd.aeplcdn.com/0x0/cw/makes/citroen.webp
Citroen,C5 Aircross,2022,Active,C5 Aircross,Petrol,,,https://imgd.aeplcdn.com/664x374/n/cw/ec/129909/c5-aircross-exterior-right-front-three-quarter-8.png,https://imgd.aeplcdn.com/0x0/cw/makes/citroen.webp
Citroen,Aircross X Facelift,2026,Upcoming,Aircross X Facelift,Petrol,,,https://imgd.aeplcdn.com/664x374/n/cw/ec/172917/aircross-facelift-exterior-right-front-three-quarter-2.jpeg,https://imgd.aeplcdn.com/0x0/cw/makes/citroen.webp
Citroen,C3 Facelift,2026,Upcoming,C3 Facelift,Petrol,,,https://imgd.aeplcdn.com/664x374/n/cw/ec/173529/c3-facelift-exterior-right-front-three-quarter.jpeg,https://imgd.aeplcdn.com/0x0/cw/makes/citroen.webp
Citroen,New C5 Aircross,2026,Upcoming,New C5 Aircross,Petrol,,,https://imgd.aeplcdn.com/664x374/n/cw/ec/194039/new-c5-aircross-exterior-left-front-three-quarter.png,https://imgd.aeplcdn.com/0x0/cw/makes/citroen.webp
Citroen,Basalt EV,2026,Upcoming,Basalt EV,Electric,,,https://imgd.aeplcdn.com/664x374/n/cw/ec/191113/basalt-ev-exterior-grille.jpeg,https://imgd.aeplcdn.com/0x0/cw/makes/citroen.webp
Citroen,eC3 Facelift,2026,Upcoming,eC3 Facelift,Petrol,,,https://imgd.aeplcdn.com/664x374/n/cw/ec/172911/citroen-ec3-facelift-exterior-right-front-three-quarter.jpeg,https://imgd.aeplcdn.com/0x0/cw/makes/citroen.webp
McLaren,750S,2024,Active,750S,Petrol,,,https://imgd.aeplcdn.com/664x374/n/cw/ec/167883/750s-exterior-right-front-three-quarter-4.png,https://imgd.aeplcdn.com/0x0/cw/makes/mclaren.webp
McLaren,720S,2021,Active,720S,Petrol,,,https://imgd.aeplcdn.com/664x374/n/cw/ec/95143/720s-exterior-right-front-three-quarter-11.png,https://imgd.aeplcdn.com/0x0/cw/makes/mclaren.webp
McLaren,GT,2021,Active,GT,Petrol,,,https://imgd.aeplcdn.com/664x374/n/cw/ec/95701/gt-exterior-right-front-three-quarter-4.png,https://imgd.aeplcdn.com/0x0/cw/makes/mclaren.webp
BYD,e6,2022,Discontinued,e6,Electric,,,https://imgd.aeplcdn.com/664x374/n/cw/ec/129901/e6-exterior-right-front-three-quarter-48.jpeg,https://imgd.aeplcdn.com/0x0/cw/makes/byd.webp
BYD,Atto 3 facelift,2024,Discontinued,Atto 3 facelift,Electric,,,https://imgd.aeplcdn.com/664x374/n/cw/ec/173095/atto-3-facelift-exterior-left-front-three-quarter.jpeg,https://imgd.aeplcdn.com/0x0/cw/makes/byd.webp
BYD,Atto 3,2022,Active,Atto 3,Electric,,,https://imgd.aeplcdn.com/664x374/n/cw/ec/130183/atto-3-exterior-right-front-three-quarter-105.png,https://imgd.aeplcdn.com/0x0/cw/makes/byd.webp
BYD,Sealion 7,2025,Active,Sealion 7,Electric,,,https://imgd.aeplcdn.com/664x374/n/cw/ec/195195/sealion-7-exterior-right-front-three-quarter-28.png,https://imgd.aeplcdn.com/0x0/cw/makes/byd.webp
BYD,Seal,2024,Active,Seal,Electric,,,https://imgd.aeplcdn.com/664x374/n/cw/ec/139619/seal-exterior-right-front-three-quarter-10.png,https://imgd.aeplcdn.com/0x0/cw/makes/byd.webp
BYD,eMax 7,2024,Active,eMax 7,Petrol,,,https://imgd.aeplcdn.com/664x374/n/cw/ec/185983/emax-7-exterior-right-front-three-quarter-5.png,https://imgd.aeplcdn.com/0x0/cw/makes/byd.webp
BYD,Atto 2,2026,Upcoming,Atto 2,Electric,,,https://imgd.aeplcdn.com/664x374/n/cw/ec/207722/atto-2-exterior-right-front-three-quarter.jpeg,https://imgd.aeplcdn.com/0x0/cw/makes/byd.webp
Lotus,Emeya,2025,Active,Emeya,Petrol,,,https://imgd.aeplcdn.com/664x374/n/cw/ec/196547/emeya-exterior-right-front-three-quarter-7.png,https://imgd.aeplcdn.com/0x0/cw/makes/lotus.webp
Lotus,Emira,2025,Active,Emira,Petrol,,,https://imgd.aeplcdn.com/664x374/n/cw/ec/196543/emira-exterior-right-front-three-quarter-10.png,https://imgd.aeplcdn.com/0x0/cw/makes/lotus.webp
Lotus,Eletre,2023,Active,Eletre,Petrol,,,https://imgd.aeplcdn.com/664x374/n/cw/ec/164919/eletre-exterior-right-front-three-quarter-4.png,https://imgd.aeplcdn.com/0x0/cw/makes/lotus.webp
Vinfast,VF 6,2025,Active,VF 6,Petrol,,,https://imgd.aeplcdn.com/664x374/n/cw/ec/171545/vf-6-exterior-right-front-three-quarter-32.png,https://imgd.aeplcdn.com/0x0/cw/makes/vinfast.webp
Vinfast,VF 7,2025,Active,VF 7,Petrol,,,https://imgd.aeplcdn.com/664x374/n/cw/ec/171787/vf-7-exterior-right-front-three-quarter-13.png,https://imgd.aeplcdn.com/0x0/cw/makes/vinfast.webp
Vinfast,VF 3,2026,Upcoming,VF 3,Petrol,,,https://imgd.aeplcdn.com/664x374/n/cw/ec/171625/vf3-exterior-left-front-three-quarter.jpeg,https://imgd.aeplcdn.com/0x0/cw/makes/vinfast.webp
Vinfast,VF e34,2026,Upcoming,VF e34,Petrol,,,https://imgd.aeplcdn.com/664x374/n/cw/ec/181121/vf-e34-exterior-rear-view.jpeg,https://imgd.aeplcdn.com/0x0/cw/makes/vinfast.webp
Vinfast,Limo Green,2026,Upcoming,Limo Green,Petrol,,,https://imgd.aeplcdn.com/664x374/n/cw/ec/213681/limo-green-exterior-left-front-three-quarter.jpeg,https://imgd.aeplcdn.com/0x0/cw/makes/vinfast.webp
Vinfast,VF 9,2026,Upcoming,VF 9,Petrol,,,https://imgd.aeplcdn.com/664x374/n/cw/ec/171647/vf9-exterior-right-front-three-quarter-2.jpeg,https://imgd.aeplcdn.com/0x0/cw/makes/vinfast.webp
Vinfast,VF 8,2026,Upcoming,VF 8,Petrol,,,https://imgd.aeplcdn.com/664x374/n/cw/ec/171549/vf8-exterior-right-front-three-quarter.jpeg,https://imgd.aeplcdn.com/0x0/cw/makes/vinfast.webp